﻿<?xml version="1.0" encoding="utf-8"?>
<KeyValueList xmlns:xsi="http://www.w3.org/2001/XMLSchema-instance" xmlns:xsd="http://www.w3.org/2001/XMLSchema">
  <Items>
<EcoCommExpreSingle>
      <Type>通用话术</Type>
      <SubItems>
        <string>和你聊了会儿天,感觉变聪明了很多呀</string>
        <string>我最喜欢和知识渊博的人做朋友了</string>
	<string>您问了我这么多问题一定是喜欢我吧</string>
      </SubItems>
    </EcoCommExpreSingle>
<EcoCommExpreSingle>
      <Type>纠正话术</Type>
      <SubItems>
        <string>刚刚智商不在线我再重新回答您一遍吧</string>
        <string>刚刚小脑袋离家出走了我再回答您一遍吧</string>
	<string>我觉得我说的不够完美让我再向您解释一下</string>
      </SubItems>
    </EcoCommExpreSingle>
<EcoCommExpreSingle>
      <Type>拖延话术</Type>
      <SubItems>
        <string>正在为您寻找答案请稍后</string>
        <string>这个问题有点复杂请稍等一会儿</string>
	<string>等我翻翻百科全书全书再来回答您的问题</string>
      </SubItems>
    </EcoCommExpreSingle>
<EcoCommExpreSingle>
      <Type>业务兜底</Type>
      <SubItems>
        <string>这个问题超出我的知识范围了我要好好学习呢</string>
        <string>哎呀这个问题我还不会您可以找我们的大堂经理进行询问</string>
	<string>哇哦我的知识储备还不够待我努力学习后再告知你</string>
      </SubItems>
    </EcoCommExpreSingle>
<EcoCommExpreSingle>
      <Type>刁难话术</Type>
      <SubItems>
        <string>亲你是想为难我吗</string>
        <string>亲你是在考验我吗</string>
	<string>呀突然感觉做机器人好难</string>
      </SubItems>
    </EcoCommExpreSingle>
  </Items>
</KeyValueList>