﻿<?xml version="1.0"?>
<jlroot xmlns:xsi="http://www.w3.org/2001/XMLSchema-instance" xmlns:xsd="http://www.w3.org/2001/XMLSchema">
  <apps>
    <app>
      <robotcode>19988991</robotcode>
      <appname>jr</appname>
      <appintention>jlrobot.oceansoft.com.COMMAND_INTENT</appintention>
      <appkey>data</appkey>
      <commands>
        <appcommand>
          <command>jl_duplicate_query</command>
          <desc>重名查询</desc>
          <event1>1</event1>
          <event2>1</event2>
          <code>1</code>
          <succ></succ>
        </appcommand>
        <appcommand>
          <command>jl_peccancy_query</command>
          <desc>违章查询</desc>
          <event1>1</event1>
          <event2>1</event2>
          <code>1</code>
          <succ></succ>
        </appcommand>
		<appcommand>
          <command>annual_inspection_query</command>
          <desc>年检预约</desc>
          <content>{"command":"jl_peccancy_query","desc":"年检预约","event1":"1","event2":"2","code":"0","succ":"success"}</content>
        </appcommand>
      </commands>
    </app>
    <app>
      <robotcode>1550</robotcode>
      <appname>jrl</appname>
      <appintention>jlrobot.oceansoft.com.COMMAND_INTENT</appintention>
      <appkey>data</appkey>
      <commands>
        <appcommand>
          <command>jl_query</command>
          <desc>违章查询</desc>
          <event1>1</event1>
          <event2>1</event2>
          <code>1</code>
          <succ></succ>
        </appcommand>
      </commands>
    </app>
  </apps>
</jlroot>
