﻿<NewDataSet>
  <Table>
    <ExtensionStartMsg>哎呀，我们说了这么久，我行新推出了x，一起来看一下。</ExtensionStartMsg>
    <ExtensionInterestMsg>谢谢你的支持，原来你对x感兴趣呀，后续将为你讲解</ExtensionInterestMsg>
    <ExtensionUnInterestMsg>感谢您的参与，对x不感兴趣没有关系，一起来看下其他的业务吧</ExtensionUnInterestMsg>
    <ExtensionEndMsg>您好，很高兴为您服务！快来跟我聊天吧。</ExtensionEndMsg>
  </Table>
  <Table>
    <ExtensionStartMsg>我与你一见如故呢，一起来了解，新推出的x吧。</ExtensionStartMsg>
    <ExtensionInterestMsg>感谢支持，x是我行的重点业务，我将为你进一步讲解</ExtensionInterestMsg>
    <ExtensionUnInterestMsg>谢谢参与，你对x的意见很重要，我们一直在路上。</ExtensionUnInterestMsg>
    <ExtensionEndMsg>嗨, 你还在吗? 快来跟我聊天吧！</ExtensionEndMsg>
  </Table>
  <Table>
    <ExtensionStartMsg>一起来看一下，新推出的x吧，非常不错的。</ExtensionStartMsg>
    <ExtensionInterestMsg>哇，你真有眼光，x是我行的重点业务，欢迎加入哦</ExtensionInterestMsg>
    <ExtensionUnInterestMsg>嗯，谢谢参与，x还在成长中，非常需要您的关心与支持。</ExtensionUnInterestMsg>
    <ExtensionEndMsg>嗯, 我在听你讲话呢，一起来互动吧！</ExtensionEndMsg>
  </Table>
  <Table>
    <ExtensionStartMsg>你是如此的特别，我行新推出的x，跟你很配哦。</ExtensionStartMsg>
    <ExtensionInterestMsg>英雄所见略同，x是我行的重点业务，欢迎加入哦</ExtensionInterestMsg>
    <ExtensionUnInterestMsg>哇，你很特别哦，对x有独特的理解呢。</ExtensionUnInterestMsg>
    <ExtensionEndMsg>哈哈，我热爱与人类朋友聊天哦。</ExtensionEndMsg>
  </Table>
</NewDataSet>
