<?xml version="1.0" encoding="utf-8"?>
<HumanWelcomeList xmlns:xsi="http://www.w3.org/2001/XMLSchema-instance" xmlns:xsd="http://www.w3.org/2001/XMLSchema">
  <Items>
    <EcoHumanWelcomeOfString>
      <Action>人工迎宾</Action>
      <Key>humanmanually</Key>
      <Value>welcome</Value>
	  <Content>你好，请问有什么可以帮您的？</Content>
    </EcoHumanWelcomeOfString>
	<EcoHumanWelcomeOfString>
      <Action>人工送宾</Action>
      <Key>humanmanually</Key>
      <Value>seeoff</Value>
	  <Content>谢谢惠顾，欢迎下次光临！</Content>
    </EcoHumanWelcomeOfString>
  </Items>
</HumanWelcomeList>