﻿<NewDataSet><Table><InsID>2002001</InsID><Type>gvideo</Type><DIR>request</DIR><BackID>2002002</BackID><AttrCount>1</AttrCount><todo>set</todo><Attr0>status</Attr0></Table><Table><InsID>2002002</InsID><Type>gvideo</Type><DIR>response</DIR><BackID>0</BackID><AttrCount>2</AttrCount><todo>set</todo><Attr0>status</Attr0><Attr1>err_message</Attr1><Attr7 /><Attr8 /><Attr9 /><Attr10 /><Attr11 /><Attr12 /><Attr13 /><Attr14 /><Attr15 /><Attr16 /><Attr17 /><Attr18 /><Attr19 /><Attr20 /></Table><Table><InsID>2002011</InsID><Type>gaudio</Type><DIR>request</DIR><BackID>2002012</BackID><AttrCount>1</AttrCount><todo>start_rtc</todo><Attr0>status</Attr0><Attr1 /><Attr2 /><Attr3 /><Attr4 /><Attr5 /><Attr6 /><Attr7 /><Attr8 /><Attr9 /><Attr10 /><Attr11 /><Attr12 /><Attr13 /><Attr14 /><Attr15 /><Attr16 /><Attr17 /><Attr18 /><Attr19 /><Attr20 /></Table><Table><InsID>2002012</InsID><Type>gaudio</Type><DIR>response</DIR><BackID>0</BackID><AttrCount>2</AttrCount><todo>start_rtc</todo><Attr0>status</Attr0><Attr1>err_message</Attr1><Attr2 /><Attr3 /><Attr4 /><Attr5 /><Attr6 /><Attr7 /><Attr8 /><Attr9 /><Attr10 /><Attr11 /><Attr12 /><Attr13 /><Attr14 /><Attr15 /><Attr16 /><Attr17 /><Attr18 /><Attr19 /><Attr20 /></Table><Table><InsID>2002013</InsID><Type>gaudio</Type><DIR>request</DIR><BackID>2002014</BackID><AttrCount>1</AttrCount><todo>stop_rtc</todo><Attr0>status</Attr0><Attr1 /><Attr2 /><Attr3 /><Attr4 /><Attr5 /><Attr6 /><Attr7 /><Attr8 /><Attr9 /><Attr10 /><Attr11 /><Attr12 /><Attr13 /><Attr14 /><Attr15 /><Attr16 /><Attr17 /><Attr18 /><Attr19 /><Attr20 /></Table><Table><InsID>2002014</InsID><Type>gaudio</Type><DIR>response</DIR><BackID>0</BackID><AttrCount>2</AttrCount><todo>stop_rtc</todo><Attr0>status</Attr0><Attr1>err_message</Attr1><Attr2 /><Attr3 /><Attr4 /><Attr5 /><Attr6 /><Attr7 /><Attr8 /><Attr9 /><Attr10 /><Attr11 /><Attr12 /><Attr13 /><Attr14 /><Attr15 /><Attr16 /><Attr17 /><Attr18 /><Attr19 /><Attr20 /></Table><Table><InsID>2002015</InsID><Type>gaudio</Type><DIR>request</DIR><BackID>2002016</BackID><AttrCount>1</AttrCount><todo>start_ctr</todo><Attr0>status</Attr0><Attr1 /><Attr2 /><Attr3 /><Attr4 /><Attr5 /><Attr6 /><Attr7 /><Attr8 /><Attr9 /><Attr10 /><Attr11 /><Attr12 /><Attr13 /><Attr14 /><Attr15 /><Attr16 /><Attr17 /><Attr18 /><Attr19 /><Attr20 /></Table><Table><InsID>2002016</InsID><Type>gaudio</Type><DIR>response</DIR><BackID>0</BackID><AttrCount>2</AttrCount><todo>start_ctr</todo><Attr0>status</Attr0><Attr1>err_message</Attr1><Attr2 /><Attr3 /><Attr4 /><Attr5 /><Attr6 /><Attr7 /><Attr8 /><Attr9 /><Attr10 /><Attr11 /><Attr12 /><Attr13 /><Attr14 /><Attr15 /><Attr16 /><Attr17 /><Attr18 /><Attr19 /><Attr20 /></Table><Table><InsID>2002017</InsID><Type>gaudio</Type><DIR>request</DIR><BackID>2002018</BackID><AttrCount>1</AttrCount><todo>stop_ctr</todo><Attr0>status</Attr0><Attr1 /><Attr2 /><Attr3 /><Attr4 /><Attr5 /><Attr6 /><Attr7 /><Attr8 /><Attr9 /><Attr10 /><Attr11 /><Attr12 /><Attr13 /><Attr14 /><Attr15 /><Attr16 /><Attr17 /><Attr18 /><Attr19 /><Attr20 /></Table><Table><InsID>2002018</InsID><Type>gaudio</Type><DIR>response</DIR><BackID>0</BackID><AttrCount>2</AttrCount><todo>stop_ctr</todo><Attr0>status</Attr0><Attr1>err_message</Attr1><Attr2 /><Attr3 /><Attr4 /><Attr5 /><Attr6 /><Attr7 /><Attr8 /><Attr9 /><Attr10 /><Attr11 /><Attr12 /><Attr13 /><Attr14 /><Attr15 /><Attr16 /><Attr17 /><Attr18 /><Attr19 /><Attr20 /></Table><Table><InsID>2002031</InsID><Type>volume</Type><DIR>request</DIR><BackID>2002032</BackID><AttrCount>1</AttrCount><todo>set_spk</todo><Attr0>value</Attr0><Attr1 /><Attr2 /><Attr3 /><Attr4 /><Attr5 /><Attr6 /><Attr7 /><Attr8 /><Attr9 /><Attr10 /><Attr11 /><Attr12 /><Attr13 /><Attr14 /><Attr15 /><Attr16 /><Attr17 /><Attr18 /><Attr19 /><Attr20 /></Table><Table><InsID>2002032</InsID><Type>volume</Type><DIR>response</DIR><BackID>0</BackID><AttrCount>2</AttrCount><todo>set_spk</todo><Attr0>result</Attr0><Attr1>err_message</Attr1><Attr2 /><Attr3 /><Attr4 /><Attr5 /><Attr6 /><Attr7 /><Attr8 /><Attr9 /><Attr10 /><Attr11 /><Attr12 /><Attr13 /><Attr14 /><Attr15 /><Attr16 /><Attr17 /><Attr18 /><Attr19 /><Attr20 /></Table><Table><InsID>2002033</InsID><Type>volume</Type><DIR>request</DIR><BackID>2002034</BackID><AttrCount>0</AttrCount><todo>get_spk</todo><Attr0 /><Attr1 /><Attr2 /><Attr3 /><Attr4 /><Attr5 /><Attr6 /><Attr7 /><Attr8 /><Attr9 /><Attr10 /><Attr11 /><Attr12 /><Attr13 /><Attr14 /><Attr15 /><Attr16 /><Attr17 /><Attr18 /><Attr19 /><Attr20 /></Table><Table><InsID>2002034</InsID><Type>volume</Type><DIR>response</DIR><BackID>0</BackID><AttrCount>3</AttrCount><todo>get_spk</todo><Attr0>value</Attr0><Attr1>result</Attr1><Attr2>err_message</Attr2><Attr3 /><Attr4 /><Attr5 /><Attr6 /><Attr7 /><Attr8 /><Attr9 /><Attr10 /><Attr11 /><Attr12 /><Attr13 /><Attr14 /><Attr15 /><Attr16 /><Attr17 /><Attr18 /><Attr19 /><Attr20 /></Table><Table><InsID>2002035</InsID><Type>volume</Type><DIR>request</DIR><BackID>2002036</BackID><AttrCount>1</AttrCount><todo>set_mic</todo><Attr0>value</Attr0><Attr1 /><Attr2 /><Attr3 /><Attr4 /><Attr5 /><Attr6 /><Attr7 /><Attr8 /><Attr9 /><Attr10 /><Attr11 /><Attr12 /><Attr13 /><Attr14 /><Attr15 /><Attr16 /><Attr17 /><Attr18 /><Attr19 /><Attr20 /></Table><Table><InsID>2002036</InsID><Type>volume</Type><DIR>response</DIR><BackID>0</BackID><AttrCount>2</AttrCount><todo>set_mic</todo><Attr0>result</Attr0><Attr1>err_message</Attr1><Attr2 /><Attr3 /><Attr4 /><Attr5 /><Attr6 /><Attr7 /><Attr8 /><Attr9 /><Attr10 /><Attr11 /><Attr12 /><Attr13 /><Attr14 /><Attr15 /><Attr16 /><Attr17 /><Attr18 /><Attr19 /><Attr20 /></Table><Table><InsID>2002037</InsID><Type>volume</Type><DIR>request</DIR><BackID>2002038</BackID><AttrCount>0</AttrCount><todo>get_mic</todo><Attr0 /><Attr1 /><Attr2 /><Attr3 /><Attr4 /><Attr5 /><Attr6 /><Attr7 /><Attr8 /><Attr9 /><Attr10 /><Attr11 /><Attr12 /><Attr13 /><Attr14 /><Attr15 /><Attr16 /><Attr17 /><Attr18 /><Attr19 /><Attr20 /></Table><Table><InsID>2002038</InsID><Type>volume</Type><DIR>response</DIR><BackID>0</BackID><AttrCount>3</AttrCount><todo>get_mic</todo><Attr0>value</Attr0><Attr1>result</Attr1><Attr2>err_message</Attr2><Attr3 /><Attr4 /><Attr5 /><Attr6 /><Attr7 /><Attr8 /><Attr9 /><Attr10 /><Attr11 /><Attr12 /><Attr13 /><Attr14 /><Attr15 /><Attr16 /><Attr17 /><Attr18 /><Attr19 /><Attr20 /></Table><Table><InsID>2002041</InsID><Type>gpicture</Type><DIR>request</DIR><BackID>2002042</BackID><AttrCount>8</AttrCount><todo>playpicture</todo><Attr0>filename</Attr0><Attr1>filesize</Attr1><Attr2>time</Attr2><Attr3>fileid</Attr3><Attr4>url</Attr4><Attr5>filename</Attr5><Attr6>md5</Attr6><Attr7>productid</Attr7><Attr8 /><Attr9 /><Attr10 /><Attr11 /><Attr12 /><Attr13 /><Attr14 /><Attr15 /><Attr16 /><Attr17 /><Attr18 /><Attr19 /><Attr20 /></Table><Table><InsID>2002042</InsID><Type>gpicture</Type><DIR>response</DIR><BackID>0</BackID><AttrCount>2</AttrCount><todo>playpicture</todo><Attr0>result</Attr0><Attr1>filename</Attr1><Attr2 /><Attr3 /><Attr4 /><Attr5 /><Attr6 /><Attr7 /><Attr8 /><Attr9 /><Attr10 /><Attr11 /><Attr12 /><Attr13 /><Attr14 /><Attr15 /><Attr16 /><Attr17 /><Attr18 /><Attr19 /><Attr20 /></Table><Table><InsID>2002043</InsID><Type>gaudiofile</Type><DIR>request</DIR><BackID>2002044</BackID><AttrCount>8</AttrCount><todo>playaudio</todo><Attr0>filename</Attr0><Attr1>filesize</Attr1><Attr2>time</Attr2><Attr3>fileid</Attr3><Attr4>url</Attr4><Attr5>filename</Attr5><Attr6>md5</Attr6><Attr7>productid</Attr7><Attr8 /><Attr9 /><Attr10 /><Attr11 /><Attr12 /><Attr13 /><Attr14 /><Attr15 /><Attr16 /><Attr17 /><Attr18 /><Attr19 /><Attr20 /></Table><Table><InsID>2002044</InsID><Type>gaudiofile</Type><DIR>response</DIR><BackID>0</BackID><AttrCount>2</AttrCount><todo>playaudio</todo><Attr0>result</Attr0><Attr1>filename</Attr1><Attr2 /><Attr3 /><Attr4 /><Attr5 /><Attr6 /><Attr7 /><Attr8 /><Attr9 /><Attr10 /><Attr11 /><Attr12 /><Attr13 /><Attr14 /><Attr15 /><Attr16 /><Attr17 /><Attr18 /><Attr19 /><Attr20 /></Table><Table><InsID>2002045</InsID><Type>gaudiofile</Type><DIR>request</DIR><BackID>2002046</BackID><AttrCount>1</AttrCount><todo>pauseaudio</todo><Attr0>filename</Attr0><Attr1 /><Attr2 /><Attr3 /><Attr4 /><Attr5 /><Attr6 /><Attr7 /><Attr8 /><Attr9 /><Attr10 /><Attr11 /><Attr12 /><Attr13 /><Attr14 /><Attr15 /><Attr16 /><Attr17 /><Attr18 /><Attr19 /><Attr20 /></Table><Table><InsID>2002046</InsID><Type>gaudiofile</Type><DIR>response</DIR><BackID>0</BackID><AttrCount>2</AttrCount><todo>pauseaudio</todo><Attr0>result</Attr0><Attr1>filename</Attr1><Attr2 /><Attr3 /><Attr4 /><Attr5 /><Attr6 /><Attr7 /><Attr8 /><Attr9 /><Attr10 /><Attr11 /><Attr12 /><Attr13 /><Attr14 /><Attr15 /><Attr16 /><Attr17 /><Attr18 /><Attr19 /><Attr20 /></Table><Table><InsID>2002047</InsID><Type>gaudiofile</Type><DIR>request</DIR><BackID>2002048</BackID><AttrCount>1</AttrCount><todo>continueaudio</todo><Attr0>filename</Attr0><Attr1 /><Attr2 /><Attr3 /><Attr4 /><Attr5 /><Attr6 /><Attr7 /><Attr8 /><Attr9 /><Attr10 /><Attr11 /><Attr12 /><Attr13 /><Attr14 /><Attr15 /><Attr16 /><Attr17 /><Attr18 /><Attr19 /><Attr20 /></Table><Table><InsID>2002048</InsID><Type>gaudiofile</Type><DIR>response</DIR><BackID>0</BackID><AttrCount>2</AttrCount><todo>continueaudio</todo><Attr0>result</Attr0><Attr1>filename</Attr1><Attr2 /><Attr3 /><Attr4 /><Attr5 /><Attr6 /><Attr7 /><Attr8 /><Attr9 /><Attr10 /><Attr11 /><Attr12 /><Attr13 /><Attr14 /><Attr15 /><Attr16 /><Attr17 /><Attr18 /><Attr19 /><Attr20 /></Table><Table><InsID>2002049</InsID><Type>gaudiofile</Type><DIR>request</DIR><BackID>2002050</BackID><AttrCount>1</AttrCount><todo>stopaudio</todo><Attr0>filename</Attr0><Attr1 /><Attr2 /><Attr3 /><Attr4 /><Attr5 /><Attr6 /><Attr7 /><Attr8 /><Attr9 /><Attr10 /><Attr11 /><Attr12 /><Attr13 /><Attr14 /><Attr15 /><Attr16 /><Attr17 /><Attr18 /><Attr19 /><Attr20 /></Table><Table><InsID>2002050</InsID><Type>gaudiofile</Type><DIR>response</DIR><BackID>0</BackID><AttrCount>2</AttrCount><todo>stopaudio</todo><Attr0>result</Attr0><Attr1>filename</Attr1><Attr2 /><Attr3 /><Attr4 /><Attr5 /><Attr6 /><Attr7 /><Attr8 /><Attr9 /><Attr10 /><Attr11 /><Attr12 /><Attr13 /><Attr14 /><Attr15 /><Attr16 /><Attr17 /><Attr18 /><Attr19 /><Attr20 /></Table><Table><InsID>2003001</InsID><Type>gfile</Type><DIR>request</DIR><BackID>2003002</BackID><AttrCount>8</AttrCount><todo>playfile</todo><Attr0>filename</Attr0><Attr1>filesize</Attr1><Attr2>time</Attr2><Attr3>fileid</Attr3><Attr4>url</Attr4><Attr5>filename</Attr5><Attr6>md5</Attr6><Attr7>productid</Attr7><Attr8 /><Attr9 /><Attr10 /><Attr11 /><Attr12 /><Attr13 /><Attr14 /><Attr15 /><Attr16 /><Attr17 /><Attr18 /><Attr19 /><Attr20 /></Table><Table><InsID>2003002</InsID><Type>gfile</Type><DIR>response</DIR><BackID>0</BackID><AttrCount>2</AttrCount><todo>playfile</todo><Attr0>result</Attr0><Attr1>filename</Attr1><Attr2 /><Attr3 /><Attr4 /><Attr5 /><Attr6 /><Attr7 /><Attr8 /><Attr9 /><Attr10 /><Attr11 /><Attr12 /><Attr13 /><Attr14 /><Attr15 /><Attr16 /><Attr17 /><Attr18 /><Attr19 /><Attr20 /></Table><Table><InsID>2003003</InsID><Type>gfile</Type><DIR>request</DIR><BackID>2003004</BackID><AttrCount>1</AttrCount><todo>stopvideo</todo><Attr0>filename</Attr0><Attr1 /><Attr2 /><Attr3 /><Attr4 /><Attr5 /><Attr6 /><Attr7 /><Attr8 /><Attr9 /><Attr10 /><Attr11 /><Attr12 /><Attr13 /><Attr14 /><Attr15 /><Attr16 /><Attr17 /><Attr18 /><Attr19 /><Attr20 /></Table><Table><InsID>2003004</InsID><Type>gfile</Type><DIR>response</DIR><BackID>0</BackID><AttrCount>2</AttrCount><todo>stopvideo</todo><Attr0>result</Attr0><Attr1>filename</Attr1><Attr2 /><Attr3 /><Attr4 /><Attr5 /><Attr6 /><Attr7 /><Attr8 /><Attr9 /><Attr10 /><Attr11 /><Attr12 /><Attr13 /><Attr14 /><Attr15 /><Attr16 /><Attr17 /><Attr18 /><Attr19 /><Attr20 /></Table><Table><InsID>2003005</InsID><Type>gfile</Type><DIR>request</DIR><BackID>2003006</BackID><AttrCount>1</AttrCount><todo>pausevideo</todo><Attr0>filename</Attr0><Attr1 /><Attr2 /><Attr3 /><Attr4 /><Attr5 /><Attr6 /><Attr7 /><Attr8 /><Attr9 /><Attr10 /><Attr11 /><Attr12 /><Attr13 /><Attr14 /><Attr15 /><Attr16 /><Attr17 /><Attr18 /><Attr19 /><Attr20 /></Table><Table><InsID>2003006</InsID><Type>gfile</Type><DIR>response</DIR><BackID>0</BackID><AttrCount>2</AttrCount><todo>pausevideo</todo><Attr0>result</Attr0><Attr1>filename</Attr1><Attr2 /><Attr3 /><Attr4 /><Attr5 /><Attr6 /><Attr7 /><Attr8 /><Attr9 /><Attr10 /><Attr11 /><Attr12 /><Attr13 /><Attr14 /><Attr15 /><Attr16 /><Attr17 /><Attr18 /><Attr19 /><Attr20 /></Table><Table><InsID>2003007</InsID><Type>gfile</Type><DIR>request</DIR><BackID>2003008</BackID><AttrCount>1</AttrCount><todo>continuevideo</todo><Attr0>filename</Attr0><Attr1 /><Attr2 /><Attr3 /><Attr4 /><Attr5 /><Attr6 /><Attr7 /><Attr8 /><Attr9 /><Attr10 /><Attr11 /><Attr12 /><Attr13 /><Attr14 /><Attr15 /><Attr16 /><Attr17 /><Attr18 /><Attr19 /><Attr20 /></Table><Table><InsID>2003008</InsID><Type>gfile</Type><DIR>response</DIR><BackID>0</BackID><AttrCount>2</AttrCount><todo>continuevideo</todo><Attr0>result</Attr0><Attr1>filename</Attr1><Attr2 /><Attr3 /><Attr4 /><Attr5 /><Attr6 /><Attr7 /><Attr8 /><Attr9 /><Attr10 /><Attr11 /><Attr12 /><Attr13 /><Attr14 /><Attr15 /><Attr16 /><Attr17 /><Attr18 /><Attr19 /><Attr20 /></Table><Table><InsID>2004001</InsID><Type>register</Type><DIR>request</DIR><BackID>2004002</BackID><AttrCount>1</AttrCount><todo>reg_req</todo><Attr0>guideid</Attr0><Attr1 /><Attr2 /><Attr3 /><Attr4 /><Attr5 /><Attr6 /><Attr7 /><Attr8 /><Attr9 /><Attr10 /><Attr11 /><Attr12 /><Attr13 /><Attr14 /><Attr15 /><Attr16 /><Attr17 /><Attr18 /><Attr19 /><Attr20 /></Table><Table><InsID>2004002</InsID><Type>register</Type><DIR>response</DIR><BackID>0</BackID><AttrCount>1</AttrCount><todo>reg_reg</todo><Attr0>result</Attr0><Attr1 /><Attr2 /><Attr3 /><Attr4 /><Attr5 /><Attr6 /><Attr7 /><Attr8 /><Attr9 /><Attr10 /><Attr11 /><Attr12 /><Attr13 /><Attr14 /><Attr15 /><Attr16 /><Attr17 /><Attr18 /><Attr19 /><Attr20 /></Table><Table><InsID>2004003</InsID><Type>register</Type><DIR>request</DIR><BackID>2004004</BackID><AttrCount>3</AttrCount><todo>reg_add</todo><Attr0>guideid</Attr0><Attr1>sn</Attr1><Attr2>groupid</Attr2><Attr3 /><Attr4 /><Attr5 /><Attr6 /><Attr7 /><Attr8 /><Attr9 /><Attr10 /><Attr11 /><Attr12 /><Attr13 /><Attr14 /><Attr15 /><Attr16 /><Attr17 /><Attr18 /><Attr19 /><Attr20 /></Table><Table><InsID>2004004</InsID><Type>register</Type><DIR>response</DIR><BackID>0</BackID><AttrCount>1</AttrCount><todo>reg_add</todo><Attr0>result</Attr0><Attr1 /><Attr2 /><Attr3 /><Attr4 /><Attr5 /><Attr6 /><Attr7 /><Attr8 /><Attr9 /><Attr10 /><Attr11 /><Attr12 /><Attr13 /><Attr14 /><Attr15 /><Attr16 /><Attr17 /><Attr18 /><Attr19 /><Attr20 /></Table><Table><InsID>2004005</InsID><Type>gstatus</Type><DIR>request</DIR><BackID>2004006</BackID><AttrCount>0</AttrCount><todo>sendstatus</todo><Attr0 /><Attr1 /><Attr2 /><Attr3 /><Attr4 /><Attr5 /><Attr6 /><Attr7 /><Attr8 /><Attr9 /><Attr10 /><Attr11 /><Attr12 /><Attr13 /><Attr14 /><Attr15 /><Attr16 /><Attr17 /><Attr18 /><Attr19 /><Attr20 /></Table><Table><InsID>2004006</InsID><Type>gstatus</Type><DIR>response</DIR><BackID>0</BackID><AttrCount>19</AttrCount><todo>sendstatus</todo><Attr0>area</Attr0><Attr1>robotname</Attr1><Attr2>status</Attr2><Attr3>headposition</Attr3><Attr4>spvolume</Attr4><Attr5>micvolume</Attr5><Attr6>power</Attr6><Attr7>cradlesignal</Attr7><Attr8>wifisignal</Attr8><Attr9>storagecase</Attr9><Attr10>wifiname</Attr10><Attr11>ip</Attr11><Attr12>hardware</Attr12><Attr13>firmware</Attr13><Attr14>software</Attr14><Attr15>producttype</Attr15><Attr16>sn</Attr16><Attr17>barcode</Attr17><Attr18>robottime</Attr18><Attr19>controluser</Attr19><Attr20 /></Table><Table><InsID>2004007</InsID><Type>video</Type><DIR>request</DIR><BackID>2004008</BackID><AttrCount>3</AttrCount><todo>set</todo><Attr0>camera_id</Attr0><Attr1>bitrate</Attr1><Attr2>idrInterval</Attr2><Attr3 /><Attr4 /><Attr5 /><Attr6 /><Attr7 /><Attr8 /><Attr9 /><Attr10 /><Attr11 /><Attr12 /><Attr13 /><Attr14 /><Attr15 /><Attr16 /><Attr17 /><Attr18 /><Attr19 /><Attr20 /></Table><Table><InsID>2004008</InsID><Type>video</Type><DIR>response</DIR><BackID>0</BackID><AttrCount>2</AttrCount><todo>set</todo><Attr0>result</Attr0><Attr1>err_message</Attr1><Attr2 /><Attr3 /><Attr4 /><Attr5 /><Attr6 /><Attr7 /><Attr8 /><Attr9 /><Attr10 /><Attr11 /><Attr12 /><Attr13 /><Attr14 /><Attr15 /><Attr16 /><Attr17 /><Attr18 /><Attr19 /><Attr20 /></Table><Table><InsID>2004009</InsID><Type>v4l2</Type><DIR>request</DIR><BackID>2002010</BackID><AttrCount>3</AttrCount><todo>set</todo><Attr0>camera_id</Attr0><Attr1>drop_frame</Attr1><Attr2>stream_on</Attr2><Attr3 /><Attr4 /><Attr5 /><Attr6 /><Attr7 /><Attr8 /><Attr9 /><Attr10 /><Attr11 /><Attr12 /><Attr13 /><Attr14 /><Attr15 /><Attr16 /><Attr17 /><Attr18 /><Attr19 /><Attr20 /></Table><Table><InsID>2004010</InsID><Type>v4l2</Type><DIR>response</DIR><BackID>0</BackID><AttrCount>2</AttrCount><todo>set</todo><Attr0>result</Attr0><Attr1>err_message</Attr1><Attr2 /><Attr3 /><Attr4 /><Attr5 /><Attr6 /><Attr7 /><Attr8 /><Attr9 /><Attr10 /><Attr11 /><Attr12 /><Attr13 /><Attr14 /><Attr15 /><Attr16 /><Attr17 /><Attr18 /><Attr19 /><Attr20 /></Table><Table><InsID>2004011</InsID><Type>location</Type><DIR>request</DIR><BackID>2004012</BackID><AttrCount>3</AttrCount><todo>coarse</todo><Attr0>x</Attr0><Attr1>y</Attr1><Attr2>time</Attr2><Attr3 /><Attr4 /><Attr5 /><Attr6 /><Attr7 /><Attr8 /><Attr9 /><Attr10 /><Attr11 /><Attr12 /><Attr13 /><Attr14 /><Attr15 /><Attr16 /><Attr17 /><Attr18 /><Attr19 /><Attr20 /></Table><Table><InsID>2004012</InsID><Type>location</Type><DIR>response</DIR><BackID>0</BackID><AttrCount>2</AttrCount><todo>coarse</todo><Attr0>result</Attr0><Attr1>err_message</Attr1><Attr2 /><Attr3 /><Attr4 /><Attr5 /><Attr6 /><Attr7 /><Attr8 /><Attr9 /><Attr10 /><Attr11 /><Attr12 /><Attr13 /><Attr14 /><Attr15 /><Attr16 /><Attr17 /><Attr18 /><Attr19 /><Attr20 /></Table><Table><InsID>2004013</InsID><Type>location</Type><DIR>request</DIR><BackID>2004013</BackID><AttrCount>1</AttrCount><todo>fine</todo><Attr0>direction</Attr0><Attr1 /><Attr2 /><Attr3 /><Attr4 /><Attr5 /><Attr6 /><Attr7 /><Attr8 /><Attr9 /><Attr10 /><Attr11 /><Attr12 /><Attr13 /><Attr14 /><Attr15 /><Attr16 /><Attr17 /><Attr18 /><Attr19 /><Attr20 /></Table><Table><InsID>2004014</InsID><Type>location</Type><DIR>response</DIR><BackID>0</BackID><AttrCount>2</AttrCount><todo>fine</todo><Attr0>result</Attr0><Attr1>err_message</Attr1><Attr2 /><Attr3 /><Attr4 /><Attr5 /><Attr6 /><Attr7 /><Attr8 /><Attr9 /><Attr10 /><Attr11 /><Attr12 /><Attr13 /><Attr14 /><Attr15 /><Attr16 /><Attr17 /><Attr18 /><Attr19>2002001	request	gvideo	2002002	1	set	status																				</Attr19><Attr20 /></Table><Table><InsID>2004015</InsID><Type>update</Type><DIR>request</DIR><BackID>2004016</BackID><AttrCount>1</AttrCount><todo>set_srv_meta_uri</todo><Attr0>uri</Attr0><Attr1 /><Attr2 /><Attr3 /><Attr4 /><Attr5 /><Attr6 /><Attr7 /><Attr8 /><Attr9 /><Attr10 /><Attr11 /><Attr12 /><Attr13 /><Attr14 /><Attr15 /><Attr16 /><Attr17 /><Attr18 /><Attr19 /><Attr20 /></Table><Table><InsID>2004016</InsID><Type>update</Type><DIR>response</DIR><BackID>0</BackID><AttrCount>2</AttrCount><todo>set_srv_meta_uri</todo><Attr0>result</Attr0><Attr1>err_message</Attr1><Attr2 /><Attr3 /><Attr4 /><Attr5 /><Attr6 /><Attr7 /><Attr8 /><Attr9 /><Attr10 /><Attr11 /><Attr12 /><Attr13 /><Attr14 /><Attr15 /><Attr16 /><Attr17 /><Attr18 /><Attr19 /><Attr20 /></Table><Table><InsID>2004017</InsID><Type>update</Type><DIR>request</DIR><BackID>2004018</BackID><AttrCount>0</AttrCount><todo>check_update</todo><Attr0 /><Attr1 /><Attr2 /><Attr3 /><Attr4 /><Attr5 /><Attr6 /><Attr7 /><Attr8 /><Attr9 /><Attr10 /><Attr11 /><Attr12 /><Attr13 /><Attr14 /><Attr15 /><Attr16 /><Attr17 /><Attr18 /><Attr19 /><Attr20 /></Table><Table><InsID>2004018</InsID><Type>update</Type><DIR>response</DIR><BackID>0</BackID><AttrCount>2</AttrCount><todo>check_update</todo><Attr0>result</Attr0><Attr1>err_message</Attr1><Attr2 /><Attr3 /><Attr4 /><Attr5 /><Attr6 /><Attr7 /><Attr8 /><Attr9 /><Attr10 /><Attr11 /><Attr12 /><Attr13 /><Attr14 /><Attr15 /><Attr16 /><Attr17 /><Attr18 /><Attr19 /><Attr20 /></Table><Table><InsID>2004019</InsID><Type>update</Type><DIR>request</DIR><BackID>2004020</BackID><AttrCount>0</AttrCount><todo>download_fw</todo><Attr0 /><Attr1 /><Attr2 /><Attr3 /><Attr4 /><Attr5 /><Attr6 /><Attr7 /><Attr8 /><Attr9 /><Attr10 /><Attr11 /><Attr12 /><Attr13 /><Attr14 /><Attr15 /><Attr16 /><Attr17 /><Attr18 /><Attr19 /><Attr20 /></Table><Table><InsID>2004020</InsID><Type>update</Type><DIR>response</DIR><BackID>0</BackID><AttrCount>2</AttrCount><todo>download_fw</todo><Attr0>result</Attr0><Attr1>err_message</Attr1><Attr2 /><Attr3 /><Attr4 /><Attr5 /><Attr6 /><Attr7 /><Attr8 /><Attr9 /><Attr10 /><Attr11 /><Attr12 /><Attr13 /><Attr14 /><Attr15 /><Attr16 /><Attr17 /><Attr18 /><Attr19 /><Attr20 /></Table><Table><InsID>2004021</InsID><Type>update</Type><DIR>request</DIR><BackID>2004022</BackID><AttrCount>0</AttrCount><todo>do_fw_update</todo><Attr0 /><Attr1 /><Attr2 /><Attr3 /><Attr4 /><Attr5 /><Attr6 /><Attr7 /><Attr8 /><Attr9 /><Attr10 /><Attr11 /><Attr12 /><Attr13 /><Attr14 /><Attr15 /><Attr16 /><Attr17 /><Attr18 /><Attr19 /><Attr20 /></Table><Table><InsID>2004022</InsID><Type>update</Type><DIR>response</DIR><BackID>0</BackID><AttrCount>2</AttrCount><todo>do_fw_update</todo><Attr0>result</Attr0><Attr1>err_message</Attr1><Attr2 /><Attr3 /><Attr4 /><Attr5 /><Attr6 /><Attr7 /><Attr8 /><Attr9 /><Attr10 /><Attr11 /><Attr12 /><Attr13 /><Attr14 /><Attr15 /><Attr16 /><Attr17 /><Attr18 /><Attr19 /><Attr20 /></Table><Table><InsID>2004023</InsID><Type>update</Type><DIR>request</DIR><BackID>2004024</BackID><AttrCount>0</AttrCount><todo>get_backup_fw_info</todo><Attr0 /><Attr1 /><Attr2 /><Attr3 /><Attr4 /><Attr5 /><Attr6 /><Attr7 /><Attr8 /><Attr9 /><Attr10 /><Attr11 /><Attr12 /><Attr13 /><Attr14 /><Attr15 /><Attr16 /><Attr17 /><Attr18 /><Attr19 /><Attr20 /></Table><Table><InsID>2004024</InsID><Type>update</Type><DIR>response</DIR><BackID>0</BackID><AttrCount>5</AttrCount><todo>get_backup_fw_info</todo><Attr0>product</Attr0><Attr1>hw_ver</Attr1><Attr2>fw_ver</Attr2><Attr3>result</Attr3><Attr4>err_message</Attr4><Attr5 /><Attr6 /><Attr7 /><Attr8 /><Attr9 /><Attr10 /><Attr11 /><Attr12 /><Attr13 /><Attr14 /><Attr15 /><Attr16 /><Attr17 /><Attr18 /><Attr19 /><Attr20 /></Table><Table><InsID>2004025</InsID><Type>update</Type><DIR>request</DIR><BackID>2004026</BackID><AttrCount>0</AttrCount><todo>get_server_fw_info</todo><Attr0 /><Attr1 /><Attr2 /><Attr3 /><Attr4 /><Attr5 /><Attr6 /><Attr7 /><Attr8 /><Attr9 /><Attr10 /><Attr11 /><Attr12 /><Attr13 /><Attr14 /><Attr15 /><Attr16 /><Attr17 /><Attr18 /><Attr19 /><Attr20 /></Table><Table><InsID>2004026</InsID><Type>update</Type><DIR>response</DIR><BackID>0</BackID><AttrCount>5</AttrCount><todo>get_server_fw_info</todo><Attr0>product</Attr0><Attr1>hw_ver</Attr1><Attr2>fw_ver</Attr2><Attr3>result</Attr3><Attr4>err_message</Attr4><Attr5 /><Attr6 /><Attr7 /><Attr8 /><Attr9 /><Attr10 /><Attr11 /><Attr12 /><Attr13 /><Attr14 /><Attr15 /><Attr16 /><Attr17 /><Attr18 /><Attr19 /><Attr20 /></Table><Table><InsID>2004027</InsID><Type>net</Type><DIR>request</DIR><BackID>2004028</BackID><AttrCount>2</AttrCount><todo>scan_list</todo><Attr0>device_type</Attr0><Attr1>ssid</Attr1><Attr2 /><Attr3 /><Attr4 /><Attr5 /><Attr6 /><Attr7 /><Attr8 /><Attr9 /><Attr10 /><Attr11 /><Attr12 /><Attr13 /><Attr14 /><Attr15 /><Attr16 /><Attr17 /><Attr18 /><Attr19 /><Attr20 /></Table><Table><InsID>2004028</InsID><Type>net</Type><DIR>response</DIR><BackID>0</BackID><AttrCount>11</AttrCount><todo>scan_list</todo><Attr0>device_type</Attr0><Attr1>ssid</Attr1><Attr2>security</Attr2><Attr3>strength</Attr3><Attr4>state</Attr4><Attr5>method</Attr5><Attr6>address</Attr6><Attr7>netmask</Attr7><Attr8>gateway</Attr8><Attr9>result</Attr9><Attr10>err_message</Attr10><Attr11 /><Attr12 /><Attr13 /><Attr14 /><Attr15 /><Attr16 /><Attr17 /><Attr18 /><Attr19 /><Attr20 /></Table><Table><InsID>2004029</InsID><Type>net</Type><DIR>request</DIR><BackID>2004030</BackID><AttrCount>2</AttrCount><todo>online_dev_info</todo><Attr0 /><Attr1 /><Attr2 /><Attr3 /><Attr4 /><Attr5 /><Attr6 /><Attr7 /><Attr8 /><Attr9 /><Attr10 /><Attr11 /><Attr12 /><Attr13 /><Attr14 /><Attr15 /><Attr16 /><Attr17 /><Attr18 /><Attr19 /><Attr20 /></Table><Table><InsID>2004030</InsID><Type>net</Type><DIR>response</DIR><BackID>0</BackID><AttrCount>11</AttrCount><todo>online_dev_info</todo><Attr0>device_type</Attr0><Attr1>ssid</Attr1><Attr2>security</Attr2><Attr3>strength</Attr3><Attr4>state</Attr4><Attr5>method</Attr5><Attr6>address</Attr6><Attr7>netmask</Attr7><Attr8>gateway</Attr8><Attr9>result</Attr9><Attr10>err_message</Attr10><Attr11 /><Attr12 /><Attr13 /><Attr14 /><Attr15 /><Attr16 /><Attr17 /><Attr18 /><Attr19 /><Attr20 /></Table><Table><InsID>2004031</InsID><Type>net</Type><DIR>request</DIR><BackID>2004032</BackID><AttrCount>2</AttrCount><todo>scan_lists</todo><Attr0 /><Attr1 /><Attr2 /><Attr3 /><Attr4 /><Attr5 /><Attr6 /><Attr7 /><Attr8 /><Attr9 /><Attr10 /><Attr11 /><Attr12 /><Attr13 /><Attr14 /><Attr15 /><Attr16 /><Attr17 /><Attr18 /><Attr19 /><Attr20 /></Table><Table><InsID>2004033</InsID><Type>net</Type><DIR>request</DIR><BackID>2004034</BackID><AttrCount>6</AttrCount><todo>wifi_connect</todo><Attr0>ssid</Attr0><Attr1>passphrase</Attr1><Attr2>method</Attr2><Attr3>address</Attr3><Attr4>netmask</Attr4><Attr5>gateway</Attr5><Attr6 /><Attr7 /><Attr8 /><Attr9 /><Attr10 /><Attr11 /><Attr12 /><Attr13 /><Attr14 /><Attr15 /><Attr16 /><Attr17 /><Attr18 /><Attr19 /><Attr20 /></Table><Table><InsID>2004034</InsID><Type>net</Type><DIR>response</DIR><BackID>0</BackID><AttrCount>3</AttrCount><todo>wifi_connect</todo><Attr0>ssid</Attr0><Attr1>result</Attr1><Attr2>err_message</Attr2><Attr3 /><Attr4 /><Attr5 /><Attr6 /><Attr7 /><Attr8 /><Attr9 /><Attr10 /><Attr11 /><Attr12 /><Attr13 /><Attr14 /><Attr15 /><Attr16 /><Attr17 /><Attr18 /><Attr19 /><Attr20 /></Table><Table><InsID>2004035</InsID><Type>net</Type><DIR>request</DIR><BackID>2004036</BackID><AttrCount>3</AttrCount><todo>3g_connect</todo><Attr0>apn</Attr0><Attr1>username</Attr1><Attr2>password</Attr2><Attr3 /><Attr4 /><Attr5 /><Attr6 /><Attr7 /><Attr8 /><Attr9 /><Attr10 /><Attr11 /><Attr12 /><Attr13 /><Attr14 /><Attr15 /><Attr16 /><Attr17 /><Attr18 /><Attr19 /><Attr20 /></Table><Table><InsID>2004036</InsID><Type>net</Type><DIR>response</DIR><BackID>0</BackID><AttrCount>2</AttrCount><todo>wifi_connect</todo><Attr0>result</Attr0><Attr1>err_message</Attr1><Attr2 /><Attr3 /><Attr4 /><Attr5 /><Attr6 /><Attr7 /><Attr8 /><Attr9 /><Attr10 /><Attr11 /><Attr12 /><Attr13 /><Attr14 /><Attr15 /><Attr16 /><Attr17 /><Attr18 /><Attr19 /><Attr20 /></Table><Table><InsID>2004037</InsID><Type>net</Type><DIR>request</DIR><BackID>2004038</BackID><AttrCount>5</AttrCount><todo>send_status</todo><Attr0>device_type</Attr0><Attr1>state</Attr1><Attr2>address</Attr2><Attr3>netmask</Attr3><Attr4>gateway</Attr4><Attr5 /><Attr6 /><Attr7 /><Attr8 /><Attr9 /><Attr10 /><Attr11 /><Attr12 /><Attr13 /><Attr14 /><Attr15 /><Attr16 /><Attr17 /><Attr18 /><Attr19 /><Attr20 /></Table><Table><InsID>2004038</InsID><Type>net</Type><DIR>response</DIR><BackID>0</BackID><AttrCount>3</AttrCount><todo>send_status</todo><Attr0>result</Attr0><Attr1>err_message</Attr1><Attr2 /><Attr3 /><Attr4 /><Attr5 /><Attr6 /><Attr7 /><Attr8 /><Attr9 /><Attr10 /><Attr11 /><Attr12 /><Attr13 /><Attr14 /><Attr15 /><Attr16 /><Attr17 /><Attr18 /><Attr19 /><Attr20 /></Table><Table><InsID>2004039</InsID><Type>net</Type><DIR>request</DIR><BackID>2004040</BackID><AttrCount>2</AttrCount><todo>config_lists</todo><Attr0 /><Attr1 /><Attr2 /><Attr3 /><Attr4 /><Attr5 /><Attr6 /><Attr7 /><Attr8 /><Attr9 /><Attr10 /><Attr11 /><Attr12 /><Attr13 /><Attr14 /><Attr15 /><Attr16 /><Attr17 /><Attr18 /><Attr19 /><Attr20 /></Table><Table><InsID>2004041</InsID><Type>move</Type><DIR>request</DIR><BackID>2004042</BackID><AttrCount>3</AttrCount><todo>forward</todo><Attr0>radius</Attr0><Attr1>speed</Attr1><Attr2>acceleration</Attr2><Attr3 /><Attr4 /><Attr5 /><Attr6 /><Attr7 /><Attr8 /><Attr9 /><Attr10 /><Attr11 /><Attr12 /><Attr13 /><Attr14 /><Attr15 /><Attr16 /><Attr17 /><Attr18 /><Attr19 /><Attr20 /></Table><Table><InsID>2004042</InsID><Type>move</Type><DIR>response</DIR><BackID>0</BackID><AttrCount>2</AttrCount><todo>forward</todo><Attr0>result</Attr0><Attr1>err_message</Attr1><Attr2 /><Attr3 /><Attr4 /><Attr5 /><Attr6 /><Attr7 /><Attr8 /><Attr9 /><Attr10 /><Attr11 /><Attr12 /><Attr13 /><Attr14 /><Attr15 /><Attr16 /><Attr17 /><Attr18 /><Attr19 /><Attr20 /></Table><Table><InsID>2004043</InsID><Type>move</Type><DIR>request</DIR><BackID>2004044</BackID><AttrCount>3</AttrCount><todo>backward</todo><Attr0>radius</Attr0><Attr1>speed</Attr1><Attr2>acceleration</Attr2><Attr3 /><Attr4 /><Attr5 /><Attr6 /><Attr7 /><Attr8 /><Attr9 /><Attr10 /><Attr11 /><Attr12 /><Attr13 /><Attr14 /><Attr15 /><Attr16 /><Attr17 /><Attr18 /><Attr19 /><Attr20 /></Table><Table><InsID>2004044</InsID><Type>move</Type><DIR>response</DIR><BackID>0</BackID><AttrCount>2</AttrCount><todo>backward</todo><Attr0>result</Attr0><Attr1>err_message</Attr1><Attr2 /><Attr3 /><Attr4 /><Attr5 /><Attr6 /><Attr7 /><Attr8 /><Attr9 /><Attr10 /><Attr11 /><Attr12 /><Attr13 /><Attr14 /><Attr15 /><Attr16 /><Attr17 /><Attr18 /><Attr19 /><Attr20 /></Table><Table><InsID>2004045</InsID><Type>move</Type><DIR>request</DIR><BackID>2004046</BackID><AttrCount>3</AttrCount><todo>spin_left</todo><Attr0>radius</Attr0><Attr1>speed</Attr1><Attr2>acceleration</Attr2><Attr3 /><Attr4 /><Attr5 /><Attr6 /><Attr7 /><Attr8 /><Attr9 /><Attr10 /><Attr11 /><Attr12 /><Attr13 /><Attr14 /><Attr15 /><Attr16 /><Attr17 /><Attr18 /><Attr19 /><Attr20 /></Table><Table><InsID>2004046</InsID><Type>move</Type><DIR>response</DIR><BackID>0</BackID><AttrCount>2</AttrCount><todo>spin_left</todo><Attr0>result</Attr0><Attr1>err_message</Attr1><Attr2 /><Attr3 /><Attr4 /><Attr5 /><Attr6 /><Attr7 /><Attr8 /><Attr9 /><Attr10 /><Attr11 /><Attr12 /><Attr13 /><Attr14 /><Attr15 /><Attr16 /><Attr17 /><Attr18 /><Attr19 /><Attr20 /></Table><Table><InsID>2004047</InsID><Type>move</Type><DIR>request</DIR><BackID>2004048</BackID><AttrCount>3</AttrCount><todo>spin_right</todo><Attr0>radius</Attr0><Attr1>speed</Attr1><Attr2>acceleration</Attr2><Attr3 /><Attr4 /><Attr5 /><Attr6 /><Attr7 /><Attr8 /><Attr9 /><Attr10 /><Attr11 /><Attr12 /><Attr13 /><Attr14 /><Attr15 /><Attr16 /><Attr17 /><Attr18 /><Attr19 /><Attr20 /></Table><Table><InsID>2004048</InsID><Type>move</Type><DIR>response</DIR><BackID>0</BackID><AttrCount>2</AttrCount><todo>spin_right</todo><Attr0>result</Attr0><Attr1>err_message</Attr1><Attr2 /><Attr3 /><Attr4 /><Attr5 /><Attr6 /><Attr7 /><Attr8 /><Attr9 /><Attr10 /><Attr11 /><Attr12 /><Attr13 /><Attr14 /><Attr15 /><Attr16 /><Attr17 /><Attr18 /><Attr19 /><Attr20 /></Table><Table><InsID>2004049</InsID><Type>move</Type><DIR>request</DIR><BackID>2004050</BackID><AttrCount>3</AttrCount><todo>turn_left</todo><Attr0>radius</Attr0><Attr1>speed</Attr1><Attr2>acceleration</Attr2><Attr3 /><Attr4 /><Attr5 /><Attr6 /><Attr7 /><Attr8 /><Attr9 /><Attr10 /><Attr11 /><Attr12 /><Attr13 /><Attr14 /><Attr15 /><Attr16 /><Attr17 /><Attr18 /><Attr19 /><Attr20 /></Table><Table><InsID>2004050</InsID><Type>move</Type><DIR>response</DIR><BackID>0</BackID><AttrCount>2</AttrCount><todo>turn_left</todo><Attr0>result</Attr0><Attr1>err_message</Attr1><Attr2 /><Attr3 /><Attr4 /><Attr5 /><Attr6 /><Attr7 /><Attr8 /><Attr9 /><Attr10 /><Attr11 /><Attr12 /><Attr13 /><Attr14 /><Attr15 /><Attr16 /><Attr17 /><Attr18 /><Attr19 /><Attr20 /></Table><Table><InsID>2004051</InsID><Type>move</Type><DIR>request</DIR><BackID>2004052</BackID><AttrCount>3</AttrCount><todo>turn_right</todo><Attr0>radius</Attr0><Attr1>speed</Attr1><Attr2>acceleration</Attr2><Attr3 /><Attr4 /><Attr5 /><Attr6 /><Attr7 /><Attr8 /><Attr9 /><Attr10 /><Attr11 /><Attr12 /><Attr13 /><Attr14 /><Attr15 /><Attr16 /><Attr17 /><Attr18 /><Attr19 /><Attr20 /></Table><Table><InsID>2004052</InsID><Type>move</Type><DIR>response</DIR><BackID>0</BackID><AttrCount>2</AttrCount><todo>turn_right</todo><Attr0>result</Attr0><Attr1>err_message</Attr1><Attr2 /><Attr3 /><Attr4 /><Attr5 /><Attr6 /><Attr7 /><Attr8 /><Attr9 /><Attr10 /><Attr11 /><Attr12 /><Attr13 /><Attr14 /><Attr15 /><Attr16 /><Attr17 /><Attr18 /><Attr19 /><Attr20 /></Table><Table><InsID>2004053</InsID><Type>move</Type><DIR>request</DIR><BackID>2004054</BackID><AttrCount>3</AttrCount><todo>stop</todo><Attr0>radius</Attr0><Attr1>speed</Attr1><Attr2>acceleration</Attr2><Attr3 /><Attr4 /><Attr5 /><Attr6 /><Attr7 /><Attr8 /><Attr9 /><Attr10 /><Attr11 /><Attr12 /><Attr13 /><Attr14 /><Attr15 /><Attr16 /><Attr17 /><Attr18 /><Attr19 /><Attr20 /></Table><Table><InsID>2004054</InsID><Type>move</Type><DIR>response</DIR><BackID>0</BackID><AttrCount>2</AttrCount><todo>stop</todo><Attr0>result</Attr0><Attr1>err_message</Attr1><Attr2 /><Attr3 /><Attr4 /><Attr5 /><Attr6 /><Attr7 /><Attr8 /><Attr9 /><Attr10 /><Attr11 /><Attr12 /><Attr13 /><Attr14 /><Attr15 /><Attr16 /><Attr17 /><Attr18 /><Attr19 /><Attr20 /></Table><Table><InsID>2004055</InsID><Type>move</Type><DIR>request</DIR><BackID>2004056</BackID><AttrCount>3</AttrCount><todo>brake</todo><Attr0>radius</Attr0><Attr1>speed</Attr1><Attr2>acceleration</Attr2><Attr3 /><Attr4 /><Attr5 /><Attr6 /><Attr7 /><Attr8 /><Attr9 /><Attr10 /><Attr11 /><Attr12 /><Attr13 /><Attr14 /><Attr15 /><Attr16 /><Attr17 /><Attr18 /><Attr19 /><Attr20 /></Table><Table><InsID>2004056</InsID><Type>move</Type><DIR>response</DIR><BackID>0</BackID><AttrCount>2</AttrCount><todo>brake</todo><Attr0>result</Attr0><Attr1>err_message</Attr1><Attr2 /><Attr3 /><Attr4 /><Attr5 /><Attr6 /><Attr7 /><Attr8 /><Attr9 /><Attr10 /><Attr11 /><Attr12 /><Attr13 /><Attr14 /><Attr15 /><Attr16 /><Attr17 /><Attr18 /><Attr19 /><Attr20 /></Table><Table><InsID>2004057</InsID><Type>move</Type><DIR>request</DIR><BackID>2004058</BackID><AttrCount>3</AttrCount><todo>head_up</todo><Attr0>radius</Attr0><Attr1>speed</Attr1><Attr2>acceleration</Attr2><Attr3 /><Attr4 /><Attr5 /><Attr6 /><Attr7 /><Attr8 /><Attr9 /><Attr10 /><Attr11 /><Attr12 /><Attr13 /><Attr14 /><Attr15 /><Attr16 /><Attr17 /><Attr18 /><Attr19 /><Attr20 /></Table><Table><InsID>2004058</InsID><Type>move</Type><DIR>response</DIR><BackID>0</BackID><AttrCount>2</AttrCount><todo>head_up</todo><Attr0>result</Attr0><Attr1>err_message</Attr1><Attr2 /><Attr3 /><Attr4 /><Attr5 /><Attr6 /><Attr7 /><Attr8 /><Attr9 /><Attr10 /><Attr11 /><Attr12 /><Attr13 /><Attr14 /><Attr15 /><Attr16 /><Attr17 /><Attr18 /><Attr19 /><Attr20 /></Table><Table><InsID>2004059</InsID><Type>move</Type><DIR>request</DIR><BackID>2004060</BackID><AttrCount>3</AttrCount><todo>head_down</todo><Attr0>radius</Attr0><Attr1>speed</Attr1><Attr2>acceleration</Attr2><Attr3 /><Attr4 /><Attr5 /><Attr6 /><Attr7 /><Attr8 /><Attr9 /><Attr10 /><Attr11 /><Attr12 /><Attr13 /><Attr14 /><Attr15 /><Attr16 /><Attr17 /><Attr18 /><Attr19 /><Attr20 /></Table><Table><InsID>2004060</InsID><Type>move</Type><DIR>response</DIR><BackID>0</BackID><AttrCount>2</AttrCount><todo>head_down</todo><Attr0>result</Attr0><Attr1>err_message</Attr1><Attr2 /><Attr3 /><Attr4 /><Attr5 /><Attr6 /><Attr7 /><Attr8 /><Attr9 /><Attr10 /><Attr11 /><Attr12 /><Attr13 /><Attr14 /><Attr15 /><Attr16 /><Attr17 /><Attr18 /><Attr19 /><Attr20 /></Table><Table><InsID>2004061</InsID><Type>move</Type><DIR>request</DIR><BackID>2004062</BackID><AttrCount>3</AttrCount><todo>head_stop</todo><Attr0>radius</Attr0><Attr1>speed</Attr1><Attr2>acceleration</Attr2><Attr3 /><Attr4 /><Attr5 /><Attr6 /><Attr7 /><Attr8 /><Attr9 /><Attr10 /><Attr11 /><Attr12 /><Attr13 /><Attr14 /><Attr15 /><Attr16 /><Attr17 /><Attr18 /><Attr19 /><Attr20 /></Table><Table><InsID>2004062</InsID><Type>move</Type><DIR>response</DIR><BackID>0</BackID><AttrCount>2</AttrCount><todo>head_stop</todo><Attr0>result</Attr0><Attr1>err_message</Attr1><Attr2 /><Attr3 /><Attr4 /><Attr5 /><Attr6 /><Attr7 /><Attr8 /><Attr9 /><Attr10 /><Attr11 /><Attr12 /><Attr13 /><Attr14 /><Attr15 /><Attr16 /><Attr17 /><Attr18 /><Attr19 /><Attr20 /></Table><Table><InsID>2004063</InsID><Type>motor</Type><DIR>request</DIR><BackID>2004064</BackID><AttrCount>1</AttrCount><todo>forward</todo><Attr0>speed</Attr0><Attr1 /><Attr2 /><Attr3 /><Attr4 /><Attr5 /><Attr6 /><Attr7 /><Attr8 /><Attr9 /><Attr10 /><Attr11 /><Attr12 /><Attr13 /><Attr14 /><Attr15 /><Attr16 /><Attr17 /><Attr18 /><Attr19 /><Attr20 /></Table><Table><InsID>2004064</InsID><Type>motor</Type><DIR>response</DIR><BackID>0</BackID><AttrCount>2</AttrCount><todo>forward</todo><Attr0>result</Attr0><Attr1>err_message</Attr1><Attr2 /><Attr3 /><Attr4 /><Attr5 /><Attr6 /><Attr7 /><Attr8 /><Attr9 /><Attr10 /><Attr11 /><Attr12 /><Attr13 /><Attr14 /><Attr15 /><Attr16 /><Attr17 /><Attr18 /><Attr19 /><Attr20 /></Table><Table><InsID>2004065</InsID><Type>motor</Type><DIR>request</DIR><BackID>2004066</BackID><AttrCount>1</AttrCount><todo>backward</todo><Attr0>speed</Attr0><Attr1 /><Attr2 /><Attr3 /><Attr4 /><Attr5 /><Attr6 /><Attr7 /><Attr8 /><Attr9 /><Attr10 /><Attr11 /><Attr12 /><Attr13 /><Attr14 /><Attr15 /><Attr16 /><Attr17 /><Attr18 /><Attr19 /><Attr20 /></Table><Table><InsID>2004066</InsID><Type>motor</Type><DIR>response</DIR><BackID>0</BackID><AttrCount>2</AttrCount><todo>backward</todo><Attr0>result</Attr0><Attr1>err_message</Attr1><Attr2 /><Attr3 /><Attr4 /><Attr5 /><Attr6 /><Attr7 /><Attr8 /><Attr9 /><Attr10 /><Attr11 /><Attr12 /><Attr13 /><Attr14 /><Attr15 /><Attr16 /><Attr17 /><Attr18 /><Attr19 /><Attr20 /></Table><Table><InsID>2004067</InsID><Type>motor</Type><DIR>request</DIR><BackID>2004068</BackID><AttrCount>1</AttrCount><todo>stop</todo><Attr0>speed</Attr0><Attr1 /><Attr2 /><Attr3 /><Attr4 /><Attr5 /><Attr6 /><Attr7 /><Attr8 /><Attr9 /><Attr10 /><Attr11 /><Attr12 /><Attr13 /><Attr14 /><Attr15 /><Attr16 /><Attr17 /><Attr18 /><Attr19 /><Attr20 /></Table><Table><InsID>2004068</InsID><Type>motor</Type><DIR>response</DIR><BackID>0</BackID><AttrCount>2</AttrCount><todo>stop</todo><Attr0>result</Attr0><Attr1>err_message</Attr1><Attr2 /><Attr3 /><Attr4 /><Attr5 /><Attr6 /><Attr7 /><Attr8 /><Attr9 /><Attr10 /><Attr11 /><Attr12 /><Attr13 /><Attr14 /><Attr15 /><Attr16 /><Attr17 /><Attr18 /><Attr19 /><Attr20 /></Table><Table><InsID>2004069</InsID><Type>motor</Type><DIR>request</DIR><BackID>2004070</BackID><AttrCount>1</AttrCount><todo>brake</todo><Attr0>speed</Attr0><Attr1 /><Attr2 /><Attr3 /><Attr4 /><Attr5 /><Attr6 /><Attr7 /><Attr8 /><Attr9 /><Attr10 /><Attr11 /><Attr12 /><Attr13 /><Attr14 /><Attr15 /><Attr16 /><Attr17 /><Attr18 /><Attr19 /><Attr20 /></Table><Table><InsID>2004070</InsID><Type>motor</Type><DIR>response</DIR><BackID>0</BackID><AttrCount>2</AttrCount><todo>brake</todo><Attr0>result</Attr0><Attr1>err_message</Attr1><Attr2 /><Attr3 /><Attr4 /><Attr5 /><Attr6 /><Attr7 /><Attr8 /><Attr9 /><Attr10 /><Attr11 /><Attr12 /><Attr13 /><Attr14 /><Attr15 /><Attr16 /><Attr17 /><Attr18 /><Attr19 /><Attr20 /></Table><Table><InsID>2004071</InsID><Type>mi</Type><DIR>request</DIR><BackID>2004072</BackID><AttrCount>0</AttrCount><todo>get_all</todo><Attr0 /><Attr1 /><Attr2 /><Attr3 /><Attr4 /><Attr5 /><Attr6 /><Attr7 /><Attr8 /><Attr9 /><Attr10 /><Attr11 /><Attr12 /><Attr13 /><Attr14 /><Attr15 /><Attr16 /><Attr17 /><Attr18 /><Attr19 /><Attr20 /></Table><Table><InsID>2004072</InsID><Type>mi</Type><DIR>response</DIR><BackID>0</BackID><AttrCount>7</AttrCount><todo>get_all</todo><Attr0>product</Attr0><Attr1>hw_ver</Attr1><Attr2>sn</Attr2><Attr3>mach_pwd</Attr3><Attr4>sales_sn</Attr4><Attr5>result</Attr5><Attr6>err_message</Attr6><Attr7 /><Attr8 /><Attr9 /><Attr10 /><Attr11 /><Attr12 /><Attr13 /><Attr14 /><Attr15 /><Attr16 /><Attr17 /><Attr18 /><Attr19 /><Attr20 /></Table><Table><InsID>2004073</InsID><Type>mi</Type><DIR>request</DIR><BackID>2004074</BackID><AttrCount>0</AttrCount><todo>get_hw_ver</todo><Attr0 /><Attr1 /><Attr2 /><Attr3 /><Attr4 /><Attr5 /><Attr6 /><Attr7 /><Attr8 /><Attr9 /><Attr10 /><Attr11 /><Attr12 /><Attr13 /><Attr14 /><Attr15 /><Attr16 /><Attr17 /><Attr18 /><Attr19 /><Attr20 /></Table><Table><InsID>2004074</InsID><Type>mi</Type><DIR>response</DIR><BackID>0</BackID><AttrCount>7</AttrCount><todo>get_hw_ver</todo><Attr0>product</Attr0><Attr1>hw_ver</Attr1><Attr2>sn</Attr2><Attr3>mach_pwd</Attr3><Attr4>sales_sn</Attr4><Attr5>result</Attr5><Attr6>err_message</Attr6><Attr7 /><Attr8 /><Attr9 /><Attr10 /><Attr11 /><Attr12 /><Attr13 /><Attr14 /><Attr15 /><Attr16 /><Attr17 /><Attr18 /><Attr19 /><Attr20 /></Table><Table><InsID>2004075</InsID><Type>mi</Type><DIR>request</DIR><BackID>2004076</BackID><AttrCount>0</AttrCount><todo>get_sn</todo><Attr0 /><Attr1 /><Attr2 /><Attr3 /><Attr4 /><Attr5 /><Attr6 /><Attr7 /><Attr8 /><Attr9 /><Attr10 /><Attr11 /><Attr12 /><Attr13 /><Attr14 /><Attr15 /><Attr16 /><Attr17 /><Attr18 /><Attr19 /><Attr20 /></Table><Table><InsID>2004076</InsID><Type>mi</Type><DIR>response</DIR><BackID>0</BackID><AttrCount>7</AttrCount><todo>get_sn</todo><Attr0>product</Attr0><Attr1>hw_ver</Attr1><Attr2>sn</Attr2><Attr3>mach_pwd</Attr3><Attr4>sales_sn</Attr4><Attr5>result</Attr5><Attr6>err_message</Attr6><Attr7 /><Attr8 /><Attr9 /><Attr10 /><Attr11 /><Attr12 /><Attr13 /><Attr14 /><Attr15 /><Attr16 /><Attr17 /><Attr18 /><Attr19 /><Attr20 /></Table><Table><InsID>2004077</InsID><Type>mi</Type><DIR>request</DIR><BackID>2004078</BackID><AttrCount>0</AttrCount><todo>get_sales_sn</todo><Attr0 /><Attr1 /><Attr2 /><Attr3 /><Attr4 /><Attr5 /><Attr6 /><Attr7 /><Attr8 /><Attr9 /><Attr10 /><Attr11 /><Attr12 /><Attr13 /><Attr14 /><Attr15 /><Attr16 /><Attr17 /><Attr18 /><Attr19 /><Attr20 /></Table><Table><InsID>2004078</InsID><Type>mi</Type><DIR>response</DIR><BackID>0</BackID><AttrCount>7</AttrCount><todo>get_sales_sn</todo><Attr0>product</Attr0><Attr1>hw_ver</Attr1><Attr2>sn</Attr2><Attr3>mach_pwd</Attr3><Attr4>sales_sn</Attr4><Attr5>result</Attr5><Attr6>err_message</Attr6><Attr7 /><Attr8 /><Attr9 /><Attr10 /><Attr11 /><Attr12 /><Attr13 /><Attr14 /><Attr15 /><Attr16 /><Attr17 /><Attr18 /><Attr19 /><Attr20 /></Table><Table><InsID>2004079</InsID><Type>mi</Type><DIR>request</DIR><BackID>2004080</BackID><AttrCount>0</AttrCount><todo>get_product</todo><Attr0 /><Attr1 /><Attr2 /><Attr3 /><Attr4 /><Attr5 /><Attr6 /><Attr7 /><Attr8 /><Attr9 /><Attr10 /><Attr11 /><Attr12 /><Attr13 /><Attr14 /><Attr15 /><Attr16 /><Attr17 /><Attr18 /><Attr19 /><Attr20 /></Table><Table><InsID>2004080</InsID><Type>mi</Type><DIR>response</DIR><BackID>0</BackID><AttrCount>7</AttrCount><todo>get_product</todo><Attr0>product</Attr0><Attr1>hw_ver</Attr1><Attr2>sn</Attr2><Attr3>mach_pwd</Attr3><Attr4>sales_sn</Attr4><Attr5>result</Attr5><Attr6>err_message</Attr6><Attr7 /><Attr8 /><Attr9 /><Attr10 /><Attr11 /><Attr12 /><Attr13 /><Attr14 /><Attr15 /><Attr16 /><Attr17 /><Attr18 /><Attr19 /><Attr20 /></Table><Table><InsID>2004081</InsID><Type>mi</Type><DIR>request</DIR><BackID>2004082</BackID><AttrCount>0</AttrCount><todo>get_mach_pwd</todo><Attr0 /><Attr1 /><Attr2 /><Attr3 /><Attr4 /><Attr5 /><Attr6 /><Attr7 /><Attr8 /><Attr9 /><Attr10 /><Attr11 /><Attr12 /><Attr13 /><Attr14 /><Attr15 /><Attr16 /><Attr17 /><Attr18 /><Attr19 /><Attr20 /></Table><Table><InsID>2004082</InsID><Type>mi</Type><DIR>response</DIR><BackID>0</BackID><AttrCount>7</AttrCount><todo>get_mach_pwd</todo><Attr0>product</Attr0><Attr1>hw_ver</Attr1><Attr2>sn</Attr2><Attr3>mach_pwd</Attr3><Attr4>sales_sn</Attr4><Attr5>result</Attr5><Attr6>err_message</Attr6><Attr7 /><Attr8 /><Attr9 /><Attr10 /><Attr11 /><Attr12 /><Attr13 /><Attr14 /><Attr15 /><Attr16 /><Attr17 /><Attr18 /><Attr19 /><Attr20 /></Table><Table><InsID>2004083</InsID><Type>fw</Type><DIR>request</DIR><BackID>2004084</BackID><AttrCount>0</AttrCount><todo>get_all</todo><Attr0 /><Attr1 /><Attr2 /><Attr3 /><Attr4 /><Attr5 /><Attr6 /><Attr7 /><Attr8 /><Attr9 /><Attr10 /><Attr11 /><Attr12 /><Attr13 /><Attr14 /><Attr15 /><Attr16 /><Attr17 /><Attr18 /><Attr19 /><Attr20 /></Table><Table><InsID>2004084</InsID><Type>fw</Type><DIR>response</DIR><BackID>0</BackID><AttrCount>7</AttrCount><todo>get_all</todo><Attr0>fw_ver</Attr0><Attr1>fw_fix</Attr1><Attr2>result</Attr2><Attr3>err_message</Attr3><Attr4 /><Attr5 /><Attr6 /><Attr7 /><Attr8 /><Attr9 /><Attr10 /><Attr11 /><Attr12 /><Attr13 /><Attr14 /><Attr15 /><Attr16 /><Attr17 /><Attr18 /><Attr19 /><Attr20 /></Table><Table><InsID>2004085</InsID><Type>charge</Type><DIR>request</DIR><BackID>2004086</BackID><AttrCount>0</AttrCount><todo>go</todo><Attr0 /><Attr1 /><Attr2 /><Attr3 /><Attr4 /><Attr5 /><Attr6 /><Attr7 /><Attr8 /><Attr9 /><Attr10 /><Attr11 /><Attr12 /><Attr13 /><Attr14 /><Attr15 /><Attr16 /><Attr17 /><Attr18 /><Attr19 /><Attr20 /></Table><Table><InsID>2004086</InsID><Type>charge</Type><DIR>response</DIR><BackID>0</BackID><AttrCount>2</AttrCount><todo>go</todo><Attr0>result</Attr0><Attr1>err_message</Attr1><Attr2 /><Attr3 /><Attr4 /><Attr5 /><Attr6 /><Attr7 /><Attr8 /><Attr9 /><Attr10 /><Attr11 /><Attr12 /><Attr13 /><Attr14 /><Attr15 /><Attr16 /><Attr17 /><Attr18 /><Attr19 /><Attr20 /></Table><Table><InsID>2004087</InsID><Type>charge</Type><DIR>request</DIR><BackID>2004088</BackID><AttrCount>0</AttrCount><todo>stop_go</todo><Attr0 /><Attr1 /><Attr2 /><Attr3 /><Attr4 /><Attr5 /><Attr6 /><Attr7 /><Attr8 /><Attr9 /><Attr10 /><Attr11 /><Attr12 /><Attr13 /><Attr14 /><Attr15 /><Attr16 /><Attr17 /><Attr18 /><Attr19 /><Attr20 /></Table><Table><InsID>2004088</InsID><Type>charge</Type><DIR>response</DIR><BackID>0</BackID><AttrCount>2</AttrCount><todo>stop_go</todo><Attr0>result</Attr0><Attr1>err_message</Attr1><Attr2 /><Attr3 /><Attr4 /><Attr5 /><Attr6 /><Attr7 /><Attr8 /><Attr9 /><Attr10 /><Attr11 /><Attr12 /><Attr13 /><Attr14 /><Attr15 /><Attr16 /><Attr17 /><Attr18 /><Attr19 /><Attr20 /></Table><Table><InsID>2004089</InsID><Type>charge</Type><DIR>request</DIR><BackID>2004090</BackID><AttrCount>0</AttrCount><todo>get_charge_status</todo><Attr0 /><Attr1 /><Attr2 /><Attr3 /><Attr4 /><Attr5 /><Attr6 /><Attr7 /><Attr8 /><Attr9 /><Attr10 /><Attr11 /><Attr12 /><Attr13 /><Attr14 /><Attr15 /><Attr16 /><Attr17 /><Attr18 /><Attr19 /><Attr20 /></Table><Table><InsID>2004090</InsID><Type>charge</Type><DIR>response</DIR><BackID>0</BackID><AttrCount>3</AttrCount><todo>get_charge_status</todo><Attr0>charge_status</Attr0><Attr1>result</Attr1><Attr2>err_message</Attr2><Attr3 /><Attr4 /><Attr5 /><Attr6 /><Attr7 /><Attr8 /><Attr9 /><Attr10 /><Attr11 /><Attr12 /><Attr13 /><Attr14 /><Attr15 /><Attr16 /><Attr17 /><Attr18 /><Attr19 /><Attr20 /></Table><Table><InsID>2004091</InsID><Type>gstatus</Type><DIR>request</DIR><BackID>2004092</BackID><AttrCount>0</AttrCount><todo>dystatus</todo><Attr0 /><Attr1 /><Attr2 /><Attr3 /><Attr4 /><Attr5 /><Attr6 /><Attr7 /><Attr8 /><Attr9 /><Attr10 /><Attr11 /><Attr12 /><Attr13 /><Attr14 /><Attr15 /><Attr16 /><Attr17 /><Attr18 /><Attr19 /><Attr20 /></Table><Table><InsID>2004092</InsID><Type>gstatus</Type><DIR>response</DIR><BackID>0</BackID><AttrCount>4</AttrCount><todo>dystatus</todo><Attr0>wifisignal</Attr0><Attr1>charge</Attr1><Attr2>chargestatus</Attr2><Attr3>chargingseatsignal</Attr3><Attr4 /><Attr5 /><Attr6 /><Attr7 /><Attr8 /><Attr9 /><Attr10 /><Attr11 /><Attr12 /><Attr13 /><Attr14 /><Attr15 /><Attr16 /><Attr17 /><Attr18 /><Attr19 /><Attr20 /></Table><Table><InsID>2004093</InsID><Type>battery</Type><DIR>request</DIR><BackID>2004094</BackID><AttrCount>0</AttrCount><todo>get_battery_status</todo><Attr0 /><Attr1 /><Attr2 /><Attr3 /><Attr4 /><Attr5 /><Attr6 /><Attr7 /><Attr8 /><Attr9 /><Attr10 /><Attr11 /><Attr12 /><Attr13 /><Attr14 /><Attr15 /><Attr16 /><Attr17 /><Attr18 /><Attr19 /><Attr20 /></Table><Table><InsID>2004094</InsID><Type>battery</Type><DIR>response</DIR><BackID>0</BackID><AttrCount>5</AttrCount><todo>get_battery_status</todo><Attr0>capacity</Attr0><Attr1>voltage</Attr1><Attr2>battery_temperature</Attr2><Attr3>result</Attr3><Attr4>err_message</Attr4><Attr5 /><Attr6 /><Attr7 /><Attr8 /><Attr9 /><Attr10 /><Attr11 /><Attr12 /><Attr13 /><Attr14 /><Attr15 /><Attr16 /><Attr17 /><Attr18 /><Attr19 /><Attr20 /></Table><Table><InsID>2004095</InsID><Type>gpio</Type><DIR>request</DIR><BackID>2004096</BackID><AttrCount>2</AttrCount><todo>set</todo><Attr0>id</Attr0><Attr1>value</Attr1><Attr2 /><Attr3 /><Attr4 /><Attr5 /><Attr6 /><Attr7 /><Attr8 /><Attr9 /><Attr10 /><Attr11 /><Attr12 /><Attr13 /><Attr14 /><Attr15 /><Attr16 /><Attr17 /><Attr18 /><Attr19 /><Attr20 /></Table><Table><InsID>2004096</InsID><Type>gpio</Type><DIR>response</DIR><BackID>0</BackID><AttrCount>2</AttrCount><todo>set</todo><Attr0>result</Attr0><Attr1>err_message</Attr1><Attr2 /><Attr3 /><Attr4 /><Attr5 /><Attr6 /><Attr7 /><Attr8 /><Attr9 /><Attr10 /><Attr11 /><Attr12 /><Attr13 /><Attr14 /><Attr15 /><Attr16 /><Attr17 /><Attr18 /><Attr19 /><Attr20 /></Table><Table><InsID>2005001</InsID><Type>warning</Type><DIR>request</DIR><BackID>2005002</BackID><AttrCount>3</AttrCount><todo>notify</todo><Attr0>code</Attr0><Attr1>charge_status</Attr1><Attr2>battery_status</Attr2><Attr3 /><Attr4 /><Attr5 /><Attr6 /><Attr7 /><Attr8 /><Attr9 /><Attr10 /><Attr11 /><Attr12 /><Attr13 /><Attr14 /><Attr15 /><Attr16 /><Attr17 /><Attr18 /><Attr19 /><Attr20 /></Table><Table><InsID>2005002</InsID><Type>warning</Type><DIR>response</DIR><BackID>0</BackID><AttrCount>3</AttrCount><todo>notify</todo><Attr0>code</Attr0><Attr1>result</Attr1><Attr2>err_message</Attr2><Attr3 /><Attr4 /><Attr5 /><Attr6 /><Attr7 /><Attr8 /><Attr9 /><Attr10 /><Attr11 /><Attr12 /><Attr13 /><Attr14 /><Attr15 /><Attr16 /><Attr17 /><Attr18 /><Attr19 /><Attr20 /></Table><Table><InsID>2005003</InsID><Type>key</Type><DIR>request</DIR><BackID>2005004</BackID><AttrCount>1</AttrCount><todo>click</todo><Attr0>code</Attr0><Attr1 /><Attr2 /><Attr3 /><Attr4 /><Attr5 /><Attr6 /><Attr7 /><Attr8 /><Attr9 /><Attr10 /><Attr11 /><Attr12 /><Attr13 /><Attr14 /><Attr15 /><Attr16 /><Attr17 /><Attr18 /><Attr19 /><Attr20 /></Table><Table><InsID>2005004</InsID><Type>key</Type><DIR>response</DIR><BackID>0</BackID><AttrCount>2</AttrCount><todo>click</todo><Attr0>result</Attr0><Attr1>err_message</Attr1><Attr2 /><Attr3 /><Attr4 /><Attr5 /><Attr6 /><Attr7 /><Attr8 /><Attr9 /><Attr10 /><Attr11 /><Attr12 /><Attr13 /><Attr14 /><Attr15 /><Attr16 /><Attr17 /><Attr18 /><Attr19 /><Attr20 /></Table><Table><InsID>2006023</InsID><Type>gemotion</Type><DIR>request</DIR><BackID>2006024</BackID><AttrCount>2</AttrCount><todo>playemotion</todo><Attr0>filename</Attr0><Attr1>timeout</Attr1></Table><Table><InsID>2006001</InsID><Type>datetime</Type><DIR>request</DIR><BackID>2006002</BackID><AttrCount>0</AttrCount><todo>get_datetime</todo><Attr0 /><Attr1 /><Attr2 /><Attr3 /><Attr4 /><Attr5 /><Attr6 /><Attr7 /><Attr8 /><Attr9 /><Attr10 /><Attr11 /><Attr12 /><Attr13 /><Attr14 /><Attr15 /><Attr16 /><Attr17 /><Attr18 /><Attr19 /><Attr20 /></Table><Table><InsID>2006002</InsID><Type>datetime</Type><DIR>response</DIR><BackID>0</BackID><AttrCount>4</AttrCount><todo>get_datetime</todo><Attr0>date</Attr0><Attr1>time</Attr1><Attr2>result</Attr2><Attr3>err_message</Attr3><Attr4 /><Attr5 /><Attr6 /><Attr7 /><Attr8 /><Attr9 /><Attr10 /><Attr11 /><Attr12 /><Attr13 /><Attr14 /><Attr15 /><Attr16 /><Attr17 /><Attr18 /><Attr19 /><Attr20 /></Table><Table><InsID>2006003</InsID><Type>datetime</Type><DIR>request</DIR><BackID>2006004</BackID><AttrCount>2</AttrCount><todo>set_datetime</todo><Attr0>date</Attr0><Attr1>time</Attr1><Attr2 /><Attr3 /><Attr4 /><Attr5 /><Attr6 /><Attr7 /><Attr8 /><Attr9 /><Attr10 /><Attr11 /><Attr12 /><Attr13 /><Attr14 /><Attr15 /><Attr16 /><Attr17 /><Attr18 /><Attr19 /><Attr20 /></Table><Table><InsID>2006004</InsID><Type>datetime</Type><DIR>response</DIR><BackID>0</BackID><AttrCount>2</AttrCount><todo>set_datetime</todo><Attr0>result</Attr0><Attr1>err_message</Attr1><Attr2 /><Attr3 /><Attr4 /><Attr5 /><Attr6 /><Attr7 /><Attr8 /><Attr9 /><Attr10 /><Attr11 /><Attr12 /><Attr13 /><Attr14 /><Attr15 /><Attr16 /><Attr17 /><Attr18 /><Attr19 /><Attr20 /></Table><Table><InsID>2006005</InsID><Type>storage</Type><DIR>request</DIR><BackID>2006006</BackID><AttrCount>0</AttrCount><todo>get_storage</todo><Attr0 /><Attr1 /><Attr2 /><Attr3 /><Attr4 /><Attr5 /><Attr6 /><Attr7 /><Attr8 /><Attr9 /><Attr10 /><Attr11 /><Attr12 /><Attr13 /><Attr14 /><Attr15 /><Attr16 /><Attr17 /><Attr18 /><Attr19 /><Attr20 /></Table><Table><InsID>2006006</InsID><Type>storage</Type><DIR>response</DIR><BackID>0</BackID><AttrCount>5</AttrCount><todo>get_storage</todo><Attr0>used_storage</Attr0><Attr1>available_storage</Attr1><Attr2>total_storage</Attr2><Attr3>result</Attr3><Attr4>err_message</Attr4><Attr5 /><Attr6 /><Attr7 /><Attr8 /><Attr9 /><Attr10 /><Attr11 /><Attr12 /><Attr13 /><Attr14 /><Attr15 /><Attr16 /><Attr17 /><Attr18 /><Attr19 /><Attr20 /></Table><Table><InsID>2006007</InsID><Type>filelist</Type><DIR>request</DIR><BackID>2006008</BackID><AttrCount>2</AttrCount><todo>get_filelist</todo><Attr0>des_name</Attr0><Attr1>des_size</Attr1><Attr2 /><Attr3 /><Attr4 /><Attr5 /><Attr6 /><Attr7 /><Attr8 /><Attr9 /><Attr10 /><Attr11 /><Attr12 /><Attr13 /><Attr14 /><Attr15 /><Attr16 /><Attr17 /><Attr18 /><Attr19 /><Attr20 /></Table><Table><InsID>2006008</InsID><Type>filelist</Type><DIR>response</DIR><BackID>0</BackID><AttrCount>3</AttrCount><todo>get_filelist</todo><Attr0>robot_code</Attr0><Attr1>result</Attr1><Attr2>err_message</Attr2><Attr3 /><Attr4 /><Attr5 /><Attr6 /><Attr7 /><Attr8 /><Attr9 /><Attr10 /><Attr11 /><Attr12 /><Attr13 /><Attr14 /><Attr15 /><Attr16 /><Attr17 /><Attr18 /><Attr19 /><Attr20 /></Table><Table><InsID>2006009</InsID><Type>delfile</Type><DIR>request</DIR><BackID>2006010</BackID><AttrCount>1</AttrCount><todo>del_file</todo><Attr0>name</Attr0><Attr1 /><Attr2 /><Attr3 /><Attr4 /><Attr5 /><Attr6 /><Attr7 /><Attr8 /><Attr9 /><Attr10 /><Attr11 /><Attr12 /><Attr13 /><Attr14 /><Attr15 /><Attr16 /><Attr17 /><Attr18 /><Attr19 /><Attr20 /></Table><Table><InsID>2006010</InsID><Type>delfile</Type><DIR>response</DIR><BackID>0</BackID><AttrCount>4</AttrCount><todo>del_file</todo><Attr0>used_storage</Attr0><Attr1>available_storage</Attr1><Attr2>result</Attr2><Attr3>err_message</Attr3><Attr4 /><Attr5 /><Attr6 /><Attr7 /><Attr8 /><Attr9 /><Attr10 /><Attr11 /><Attr12 /><Attr13 /><Attr14 /><Attr15 /><Attr16 /><Attr17 /><Attr18 /><Attr19 /><Attr20 /></Table><Table><InsID>2006015</InsID><Type>sendfile</Type><DIR>request</DIR><BackID>2006016</BackID><AttrCount>2</AttrCount><todo>send_file</todo><Attr0>filename</Attr0><Attr1>filepath</Attr1><Attr2 /><Attr3 /><Attr4 /><Attr5 /><Attr6 /><Attr7 /><Attr8 /><Attr9 /><Attr10 /><Attr11 /><Attr12 /><Attr13 /><Attr14 /><Attr15 /><Attr16 /><Attr17 /><Attr18 /><Attr19 /><Attr20 /></Table><Table><InsID>2006016</InsID><Type>sendfile</Type><DIR>response</DIR><BackID>0</BackID><AttrCount>5</AttrCount><todo>send_file</todo><Attr0>filename</Attr0><Attr1>filepath</Attr1><Attr2>robot_code</Attr2><Attr3>result</Attr3><Attr4>err_message</Attr4><Attr5 /><Attr6 /><Attr7 /><Attr8 /><Attr9 /><Attr10 /><Attr11 /><Attr12 /><Attr13 /><Attr14 /><Attr15 /><Attr16 /><Attr17 /><Attr18 /><Attr19 /><Attr20 /></Table><Table><InsID>2006017</InsID><Type>playsta</Type><DIR>request</DIR><BackID>2006018</BackID><AttrCount>0</AttrCount><todo>getplaysta</todo><Attr0 /><Attr1 /><Attr2 /><Attr3 /><Attr4 /><Attr5 /><Attr6 /><Attr7 /><Attr8 /><Attr9 /><Attr10 /><Attr11 /><Attr12 /><Attr13 /><Attr14 /><Attr15 /><Attr16 /><Attr17 /><Attr18 /><Attr19 /><Attr20 /></Table><Table><InsID>2006018</InsID><Type>playsta</Type><DIR>response</DIR><BackID>0</BackID><AttrCount>5</AttrCount><todo>getplaysta</todo><Attr0>status</Attr0><Attr1>filename</Attr1><Attr2>robot_code</Attr2><Attr3>result</Attr3><Attr4>err_message</Attr4><Attr5 /><Attr6 /><Attr7 /><Attr8 /><Attr9 /><Attr10 /><Attr11 /><Attr12 /><Attr13 /><Attr14 /><Attr15 /><Attr16 /><Attr17 /><Attr18 /><Attr19 /><Attr20 /></Table><Table><InsID>2006019</InsID><Type>playsta</Type><DIR>request</DIR><BackID>2006020</BackID><AttrCount>1</AttrCount><todo>setplaysta</todo><Attr0>playmode</Attr0><Attr1 /><Attr2 /><Attr3 /><Attr4 /><Attr5 /><Attr6 /><Attr7 /><Attr8 /><Attr9 /><Attr10 /><Attr11 /><Attr12 /><Attr13 /><Attr14 /><Attr15 /><Attr16 /><Attr17 /><Attr18 /><Attr19 /><Attr20 /></Table><Table><InsID>2006020</InsID><Type>playsta</Type><DIR>response</DIR><BackID>0</BackID><AttrCount>2</AttrCount><todo>setplaysta</todo><Attr0>result</Attr0><Attr1>err_message</Attr1><Attr2 /><Attr3 /><Attr4 /><Attr5 /><Attr6 /><Attr7 /><Attr8 /><Attr9 /><Attr10 /><Attr11 /><Attr12 /><Attr13 /><Attr14 /><Attr15 /><Attr16 /><Attr17 /><Attr18 /><Attr19 /><Attr20 /></Table><Table><InsID>2006021</InsID><Type>power_supply</Type><DIR>request</DIR><BackID>2006022</BackID><AttrCount>0</AttrCount><todo>off</todo></Table><Table><InsID>2006022</InsID><Type>power_supply</Type><DIR>response</DIR><BackID>0</BackID><AttrCount>2</AttrCount><todo>result</todo><Attr0>message</Attr0></Table><Table><InsID>2006024</InsID><Type>gemotion</Type><DIR>response</DIR><BackID>0</BackID><AttrCount>2</AttrCount><todo>playemotion</todo><Attr0>result</Attr0><Attr1>error_message</Attr1></Table><Table><InsID>2006025</InsID><Type>video</Type><DIR>request</DIR><BackID>2006026</BackID><AttrCount>8</AttrCount><todo>set</todo><Attr0>camera_id</Attr0><Attr1>bitrate</Attr1><Attr2>fps</Attr2><Attr3>gop</Attr3><Attr4>brightness</Attr4><Attr5>contras</Attr5><Attr6>saturation</Attr6><Attr7>fec</Attr7></Table><Table><InsID>2006026</InsID><Type>video</Type><DIR>response</DIR><BackID>0</BackID><AttrCount>3</AttrCount><todo>set</todo><Attr0>camera_id</Attr0><Attr1>result</Attr1><Attr2>err</Attr2></Table><Table><InsID>2006027</InsID><Type>video</Type><DIR>request</DIR><BackID>2006028</BackID><AttrCount>1</AttrCount><todo>get</todo><Attr0>camera_id</Attr0><Attr1 /><Attr2 /><Attr3 /><Attr4 /><Attr5 /><Attr6 /></Table><Table><InsID>2006028</InsID><Type>video</Type><DIR>response</DIR><BackID>0</BackID><AttrCount>8</AttrCount><todo>get</todo><Attr0>camera_id</Attr0><Attr1>bitrate</Attr1><Attr2>fps</Attr2><Attr3>gop</Attr3><Attr4>brightness</Attr4><Attr5>contras</Attr5><Attr6>saturation</Attr6><Attr7>fec</Attr7></Table><Table><InsID>2006029</InsID><Type>video</Type><DIR>request</DIR><BackID>2006030</BackID><AttrCount>1</AttrCount><todo>getRange</todo><Attr0>camera_id</Attr0><Attr1 /><Attr2 /><Attr3 /><Attr4 /><Attr5 /><Attr6 /></Table><Table><InsID>2006030</InsID><Type>video</Type><DIR>response</DIR><BackID>0</BackID><AttrCount>1</AttrCount><todo>getRange</todo><Attr0>camera_id</Attr0><Attr1>brightnessMin</Attr1><Attr2>brightnessMax</Attr2><Attr3>brightnessStep</Attr3><Attr4>contrasMin</Attr4><Attr5>contrasMax</Attr5><Attr6>contrasStep</Attr6><Attr7>saturationMin</Attr7><Attr8>saturationMax</Attr8><Attr9>saturationStep</Attr9></Table></NewDataSet>
