﻿<NewDataSet><Table><Name>新华书店</Name><Url>Question/XHBookSrh.aspx?ShopID={ShopId}@DeptID={DeptId}@client=</Url><ReDir>false</ReDir><IsReadonly>true</IsReadonly><Mode>0</Mode></Table><Table><Name>电网查账号</Name><Url>Question/SrhEleFee.aspx</Url><ReDir>true</ReDir><IsReadonly>true</IsReadonly><Mode>-1</Mode></Table><Table><Name>电网查电费</Name><Url>Question/SrhEleFee.aspx?type=Arr</Url><ReDir>true</ReDir><IsReadonly>true</IsReadonly><Mode>-1</Mode></Table><Table><Name>查天气</Name><Url>http://10.89.100.18:6688/commonpage/weather?city={RobotPosition}</Url><ReDir>true</ReDir><IsReadonly>false</IsReadonly><UseRobotPro>true</UseRobotPro><Mode>-1</Mode></Table><Table><Name>汇率</Name><Url>http://10.89.100.18:6688/commonpage/exchange</Url><ReDir>true</ReDir><IsReadonly>true</IsReadonly><Mode>-1</Mode></Table><Table><Name>南宁查电费</Name><Url>Question/SrhEleFeeTwo.aspx?area=@client=</Url><ReDir>true</ReDir><IsReadonly>true</IsReadonly><Mode>0</Mode></Table><Table><Name>筋斗云</Name><Url>http://10.89.20.98/Benebot30Web2/Question/JDYVisit.aspx?RobotSN={RobotCode}</Url><ReDir>true</ReDir><IsReadonly>true</IsReadonly><Mode>-1</Mode></Table><Table><Name>黄山</Name><Url>Question/huangshan.aspx</Url><ReDir>true</ReDir><IsReadonly>true</IsReadonly><Mode>-1</Mode></Table><Table><Name>吴江政务</Name><Url>http://211.143.240.34:8085/wjspjzwdt/epointzwmhwz/pages/default/index</Url><ReDir>true</ReDir><IsReadonly>true</IsReadonly><Mode>-1</Mode></Table></NewDataSet>
