﻿<?xml version="1.0" encoding="utf-8"?>
<KeyValueList xmlns:xsi="http://www.w3.org/2001/XMLSchema-instance" xmlns:xsd="http://www.w3.org/2001/XMLSchema">
  <Items>
    <EcoKeyValueOfString>
      <Key>IDEL</Key>
      <Value>空闲</Value>
    </EcoKeyValueOfString>
	<EcoKeyValueOfString>
      <Key>SILENT</Key>
      <Value>静默</Value>
    </EcoKeyValueOfString>
	<EcoKeyValueOfString>
      <Key>RECHARGE</Key>
      <Value>充电</Value>
    </EcoKeyValueOfString>
	<EcoKeyValueOfString>
      <Key>CHARGEING</Key>
      <Value>回充子任务充电中</Value>
    </EcoKeyValueOfString>
	<EcoKeyValueOfString>
      <Key>GOCHARGE</Key>
      <Value>定时回充子任务去充电座</Value>
    </EcoKeyValueOfString>
	<EcoKeyValueOfString>
      <Key>LEAVECHARGE</Key>
      <Value>定时回充子任务离开充电座前往指定目的地</Value>
    </EcoKeyValueOfString>
	<EcoKeyValueOfString>
      <Key>GUIDANCE_EXPLANATION</Key>
      <Value>引导讲解</Value>
    </EcoKeyValueOfString>
	<EcoKeyValueOfString>
      <Key>CURISE</Key>
      <Value>巡游</Value>
    </EcoKeyValueOfString>
	<EcoKeyValueOfString>
      <Key>MEETING</Key>
      <Value>迎宾功能</Value>
    </EcoKeyValueOfString>
	<EcoKeyValueOfString>
      <Key>WEIXINCALLED</Key>
      <Value>微信呼叫机器人</Value>
    </EcoKeyValueOfString>
	<EcoKeyValueOfString>
      <Key>AUTO_RECHARGE</Key>
      <Value>低电量回充</Value>
    </EcoKeyValueOfString>
	<EcoKeyValueOfString>
      <Key>AUTO_CHARGEING</Key>
      <Value>自动回充子任务充电中</Value>
    </EcoKeyValueOfString>
	<EcoKeyValueOfString>
      <Key>AUTO_GOCHARGE</Key>
      <Value>自动回充去充电座</Value>
    </EcoKeyValueOfString>
	<EcoKeyValueOfString>
      <Key>AUTO_LEAVECHARGE</Key>
      <Value>自动回充离开充电座前往指定目的地</Value>
    </EcoKeyValueOfString>
	<EcoKeyValueOfString>
      <Key>TASK_NAVI</Key>
      <Value>导航</Value>
    </EcoKeyValueOfString>
	<EcoKeyValueOfString>
      <Key>TASK_TALK</Key>
      <Value>交互</Value>
    </EcoKeyValueOfString>
	<EcoKeyValueOfString>
      <Key>OTHER</Key>
      <Value>其他</Value>
    </EcoKeyValueOfString>
	<EcoKeyValueOfString>
      <Key>RECEPTION</Key>
      <Value>接待</Value>
    </EcoKeyValueOfString>
	<EcoKeyValueOfString>
      <Key>AD</Key>
      <Value>广告</Value>
    </EcoKeyValueOfString>
	<EcoKeyValueOfString>
      <Key>SOMEBODY</Key>
      <Value>认得的人脸</Value>
    </EcoKeyValueOfString>
	<EcoKeyValueOfString>
      <Key>NOBODY</Key>
      <Value>不认得的人脸</Value>
    </EcoKeyValueOfString>
	<EcoKeyValueOfString>
      <Key>HUMANDETECT</Key>
      <Value>近距离打招呼</Value>
    </EcoKeyValueOfString>
	<EcoKeyValueOfString>
      <Key>WAVE</Key>
      <Value>远距离打招呼</Value>
    </EcoKeyValueOfString>
	<EcoKeyValueOfString>
      <Key>GREETING</Key>
      <Value>打招呼</Value>
    </EcoKeyValueOfString>
	<EcoKeyValueOfString>
      <Key>NOINTERACTIVE</Key>
      <Value>无交互</Value>
    </EcoKeyValueOfString>
	<EcoKeyValueOfString>
      <Key>INTERACTIVING</Key>
      <Value>开始人机协作中</Value>
    </EcoKeyValueOfString>
	<EcoKeyValueOfString>
      <Key>UNINTERACTIVE</Key>
      <Value>退出人机协作</Value>
    </EcoKeyValueOfString>
	<EcoKeyValueOfString>
      <Key>REQINTERACTIVE</Key>
      <Value>请求人机协作</Value>
    </EcoKeyValueOfString>
	<EcoKeyValueOfString>
      <Key>HUMANLEAVE</Key>
      <Value>人离开</Value>
    </EcoKeyValueOfString>
	<EcoKeyValueOfString>
      <Key>LONGCHATROUND</Key>
      <Value>多轮次交互</Value>
    </EcoKeyValueOfString>
	<EcoKeyValueOfString>
      <Key>LONGCHATTIME</Key>
      <Value>长时间交互</Value>
    </EcoKeyValueOfString>
	<EcoKeyValueOfString>
      <Key>TIPHRC</Key>
      <Value>标记人机协作</Value>
    </EcoKeyValueOfString>
	<EcoKeyValueOfString>
      <Key>FACETOINTERACTIVE</Key>
      <Value>人脸触发互动</Value>
    </EcoKeyValueOfString>
	<EcoKeyValueOfString>
      <Key>TOUCHTOINTERACTIVE</Key>
      <Value>触屏触发互动</Value>
    </EcoKeyValueOfString>
	<EcoKeyValueOfString>
      <Key>TOINTERACTIVE</Key>
      <Value>触发互动</Value>
    </EcoKeyValueOfString>
	<EcoKeyValueOfString>
      <Key>NAVISTART</Key>
      <Value>开始导航</Value>
    </EcoKeyValueOfString>
	<EcoKeyValueOfString>
      <Key>NAVIFINISH</Key>
      <Value>结束导航</Value>
    </EcoKeyValueOfString>
	<EcoKeyValueOfString>
      <Key>ABNORMALNAVIFINISH</Key>
      <Value>异常结束导航</Value>
    </EcoKeyValueOfString>
	<EcoKeyValueOfString>
      <Key>UNDONAVINEMAKESURE</Key>
      <Value>未处理导航确认对话框事件</Value>
    </EcoKeyValueOfString>
	<EcoKeyValueOfString>
      <Key>IDELATNAVIPOS</Key>
      <Value>空闲在展点</Value>
    </EcoKeyValueOfString>
	<EcoKeyValueOfString>
      <Key>CANCELNAVINEMAKESURE</Key>
      <Value>取消导航确认对话框事件</Value>
    </EcoKeyValueOfString>
	<EcoKeyValueOfString>
      <Key>CANCELNAVI</Key>
      <Value>导航开始后取消导航事件</Value>
    </EcoKeyValueOfString>
	<EcoKeyValueOfString>
      <Key>LOSTINTERACTIVEHEARTBEAT</Key>
      <Value>人机协作心跳丢失</Value>
    </EcoKeyValueOfString>
	<EcoKeyValueOfString>
      <Key>DANCE</Key>
      <Value>跳舞</Value>
    </EcoKeyValueOfString>
	<EcoKeyValueOfString>
      <Key>NOINTERACTIVESHORT</Key>
      <Value>短时间无交互</Value>
    </EcoKeyValueOfString>
	<EcoKeyValueOfString>
      <Key>FEEDBACK_PERFECT</Key>
      <Value>完美比心</Value>
    </EcoKeyValueOfString>
	<EcoKeyValueOfString>
      <Key>FEEDBACK_NEED_HELP</Key>
      <Value>呼叫大堂小姐姐</Value>
    </EcoKeyValueOfString>
	<EcoKeyValueOfString>
      <Key>FEEDBACK_UNCLEAR</Key>
      <Value>什么鬼</Value>
    </EcoKeyValueOfString>
	<EcoKeyValueOfString>
      <Key>FEEDBACK_FOOLED</Key>
      <Value>被忽悠了</Value>
    </EcoKeyValueOfString>
	<EcoKeyValueOfString>
      <Key>ASK_INPUT_FEEDBACK</Key>
      <Value>弹出用户输入框</Value>
    </EcoKeyValueOfString>
	<EcoKeyValueOfString>
      <Key>NAVISTART_ORIGIN</Key>
      <Value>开始导航到原点</Value>
    </EcoKeyValueOfString>
	<EcoKeyValueOfString>
      <Key>NAVIFINISH_ORIGIN</Key>
      <Value>导航回原点结束</Value>
    </EcoKeyValueOfString>
	<EcoKeyValueOfString>
      <Key>ABNORMALNAVI_ORIGIN</Key>
      <Value>导航回原点失败</Value>
    </EcoKeyValueOfString>
	<EcoKeyValueOfString>
      <Key>WINDOWS_CLOSED</Key>
      <Value>关闭弹框</Value>
    </EcoKeyValueOfString>
	<EcoKeyValueOfString>
      <Key>IDEL_NOT_AT_ORIGIN</Key>
      <Value>空闲不在原点</Value>
    </EcoKeyValueOfString>
	<EcoKeyValueOfString>
      <Key>SYSTEMTIME</Key>
      <Value>系统时间</Value>
    </EcoKeyValueOfString>
	<EcoKeyValueOfString>
      <Key>MICAWAKEN</Key>
      <Value>环麦唤醒</Value>
    </EcoKeyValueOfString>
	<EcoKeyValueOfString>
      <Key>GREETING</Key>
      <Value>打招呼</Value>
    </EcoKeyValueOfString>
	<EcoKeyValueOfString>
      <Key>CRUISE_FAIL_NO_LINE</Key>
      <Value>巡游路线未创建</Value>
    </EcoKeyValueOfString>
	<EcoKeyValueOfString>
      <Key>BUMPING_BOARD</Key>
      <Value>撞板被触发</Value>
    </EcoKeyValueOfString>
	<EcoKeyValueOfString>
      <Key>TIMEONWORK</Key>
      <Value>定时上下班子任务定时上班</Value>
    </EcoKeyValueOfString>
	<EcoKeyValueOfString>
      <Key>TIMEOFFWORK</Key>
      <Value>定时上下班子任务定时下班</Value>
    </EcoKeyValueOfString>
	<EcoKeyValueOfString>
      <Key>LOCATION_NOT_TRUSTED</Key>
      <Value>定位不可信</Value>
    </EcoKeyValueOfString>
	<EcoKeyValueOfString>
      <Key>NAVISTART_WELCOME</Key>
      <Value>开始导航到迎宾点</Value>
    </EcoKeyValueOfString>
	<EcoKeyValueOfString>
      <Key>NAVIFINISH_WELCOME</Key>
      <Value>导航回迎宾点结束</Value>
    </EcoKeyValueOfString>
	<EcoKeyValueOfString>
      <Key>ABNORMALNAVI_WELCOME</Key>
      <Value>导航回迎宾点失败</Value>
    </EcoKeyValueOfString>
	<EcoKeyValueOfString>
      <Key>CHARGE_FAIL</Key>
      <Value>回充失败</Value>
    </EcoKeyValueOfString>
	<EcoKeyValueOfString>
      <Key>REMIND_MANUAL_RELOCATION</Key>
      <Value>请求手动重定位</Value>
    </EcoKeyValueOfString>
	<EcoKeyValueOfString>
      <Key>TIMEONWORK_FAIL</Key>
      <Value>定时上班失败</Value>
    </EcoKeyValueOfString>
	<EcoKeyValueOfString>
      <Key>TIMEOFFWORK_FAIL</Key>
      <Value>定时下班失败</Value>
    </EcoKeyValueOfString>
	<EcoKeyValueOfString>
      <Key>CAMERA_NO_DATA</Key>
      <Value>摄像头无数据</Value>
    </EcoKeyValueOfString>
	<EcoKeyValueOfString>
	  <Key>EMERGENCY_STOP</Key>
	  <Value>急停触发</Value>
	</EcoKeyValueOfString>
	<EcoKeyValueOfString>
	  <Key>EMERGENCY_RESUME</Key>
	  <Value>急停解除</Value>
	</EcoKeyValueOfString>
	<EcoKeyValueOfString>
	  <Key>GEOMAGNETIC_STOP</Key>
	  <Value>地磁触发-不可导航-不可遥控</Value>
	</EcoKeyValueOfString>
	<EcoKeyValueOfString>
	  <Key>GEOMAGNETIC_STOP_RESUME</Key>
	  <Value>地磁触发-不可导航-可遥控</Value>
	</EcoKeyValueOfString>
	<EcoKeyValueOfString>
	  <Key>GEOMAGNETIC_RESUME</Key>
	  <Value>地磁解除</Value>
	</EcoKeyValueOfString>
	<EcoKeyValueOfString>
	  <Key>DOWNWARD_STOP</Key>
	  <Value>斜下视触发</Value>
	</EcoKeyValueOfString>
	<EcoKeyValueOfString>
	  <Key>DOWNWARD_RESUME</Key>
	  <Value>斜下视解除</Value>
	</EcoKeyValueOfString>
  </Items>
</KeyValueList>