﻿<?xml version="1.0" encoding="UTF-8"?>
<grammer_conf>
  <!--一个命令由命令名称、命令参数和命令语法定义三部分组成，命令参数可定义0个或多个，命令语法是指命令的语法表示形式。
	例如命令语句匹配述宾结构，可以用不同的谓语和宾语组成述宾结构，但各种组合表达的语义一致。固定短语结构通常单独出现在
	句子中，代表独立语义。各种定义的语法形式是互斥的。
	命令参数中，pattern表示匹配模式，用于匹配用户话语中的命令，value表示实际的配置值，如用户说唱一首白龙马，实际存储的
	值有可能是白龙马-DJ
	-->
  <command>
    <!--命令序号-->
    <cmd_No>5001</cmd_No>
    <cmd_name>换表情</cmd_name>
    <!--支持变换的表情列表-->
    <cmd_param>
      <!--当命令中不包含控制参数时候，是否启用默认参数，若启用默认参数，命令询问功能不再起作用-->
      <use_default>1</use_default>
      <param_type>表情类别</param_type>
      <param>
        <pattern>常态</pattern>
        <value>常态</value>
      </param>
      <param>
        <pattern>流泪</pattern>
        <value>留泪</value>
      </param>
      <param>
        <pattern>爱心</pattern>
        <value>爱心</value>
      </param>
      <param>
        <pattern>大笑</pattern>
        <value>大笑</value>
      </param>
      <param>
        <pattern>尴尬</pattern>
        <value>尴尬</value>
      </param>
      <param>
        <pattern>金钱</pattern>
        <value>金钱</value>
      </param>
      <param>
        <pattern>瞌睡</pattern>
        <value>瞌睡</value>
      </param>
      <param>
        <pattern>留泪</pattern>
        <value>留泪</value>
      </param>
      <param>
        <pattern>亲亲</pattern>
        <value>亲亲</value>
      </param>
      <param>
        <pattern>委屈</pattern>
        <value>委屈</value>
      </param>
      <param>
        <pattern>晕</pattern>
        <value>晕</value>
      </param>
      <default_param>随机</default_param>
    </cmd_param>
    <cmd_param>
      <use_default>0</use_default>
      <param_type>表情控制</param_type>
      <param>
        <pattern>再.*个</pattern>
        <value>再换一个</value>
      </param>
      <default_param>再换一个</default_param>
    </cmd_param>
    <cmd_inquire>
      <!--当命令信息不完全时候，反向提问语句获取完整信息-->
      <inquire>你好，你想让我换个什么表情?</inquire>
    </cmd_inquire>
    <!--命令的语法结构定义-->
    <cmd_grammar>
      <sentence_pattern>
        <!--述宾结构：形式如“*换*表情*”，“*”代表省略的其它句子成分-->
        <verb_object>
          <!--该项表示是否支持宾语前置，1表示支持，0表示不支持，例如“表情换一下”-->
          <inversion>1</inversion>
          <verb_list>
            <verb>换</verb>
            <verb>替换</verb>
            <verb>变换</verb>
            <verb>变</verb>
            <verb>变化</verb>
            <verb>改</verb>
            <verb>改变</verb>
          </verb_list>
          <object_list>
            <object>脸</object>
            <object>表情</object>
            <object>脸.*图片</object>
            <object>脸.*图像</object>
          </object_list>
        </verb_object>
      </sentence_pattern>
    </cmd_grammar>
  </command>
  <command>
    <cmd_No>5002</cmd_No>
    <cmd_name>唱歌</cmd_name>
    <!--会唱的歌曲-->
    <cmd_param>
      <use_default>0</use_default>
      <param_type>歌曲名称</param_type>
      <param>
        <pattern>两只老虎</pattern>
        <value>两只老虎</value>
      </param>
      <param>
        <pattern>小苹果</pattern>
        <value>小苹果</value>
      </param>
      <param>
        <pattern>小龙人</pattern>
        <value>小龙人</value>
      </param>
      <param>
        <pattern>白龙马</pattern>
        <value>白龙马-DJ</value>
      </param>
      <default_param>两只老虎</default_param>
    </cmd_param>
    <!--播放控制参数-->
    <cmd_param>
      <use_default>0</use_default>
      <param_type>播放控制</param_type>
      <param>
        <pattern>下一首</pattern>
        <value>下一首</value>
      </param>
      <param>
        <pattern>下一个</pattern>
        <value>下一首</value>
      </param>
      <param>
        <pattern>下一曲</pattern>
        <value>下一首</value>
      </param>
      <param>
        <pattern>再.*一首</pattern>
        <value>下一首</value>
      </param>
      <param>
        <pattern>再.*一个</pattern>
        <value>下一首</value>
      </param>
      <param>
        <pattern>再.*一曲</pattern>
        <value>下一首</value>
      </param>
      <param>
        <pattern>第.*首</pattern>
        <value>随机播放</value>
      </param>
      <param>
        <pattern>随便</pattern>
        <value>随机播放</value>
      </param>
      <param>
        <pattern>第.*支</pattern>
        <value>随机播放</value>
      </param>
      <param>
        <pattern>最后.*首</pattern>
        <value>最后一首</value>
      </param>
      <param>
        <pattern>最后.*曲</pattern>
        <value>最后一首</value>
      </param>
      <param>
        <pattern>最后.*支</pattern>
        <value>最后一首</value>
      </param>
      <param>
        <pattern>暂停</pattern>
        <value>停止</value>
      </param>
      <param>
        <pattern>停止</pattern>
        <value>停止</value>
      </param>
      <param>
        <pattern>停下</pattern>
        <value>停止</value>
      </param>
      <param>
        <pattern>不要唱.*</pattern>
        <value>停止</value>
      </param>
      <param>
        <pattern>不要播放.*</pattern>
        <value>停止</value>
      </param>
      <param>
        <pattern>别唱.*</pattern>
        <value>停止</value>
      </param>
      <param>
        <pattern>停+?</pattern>
        <value>停止</value>
      </param>
      <default_param>下一首</default_param>
    </cmd_param>
    <cmd_inquire>
      <inquire>你好，我只会唱.*请问你想听哪一首歌曲?</inquire>
    </cmd_inquire>
    <cmd_grammar>
      <sentence_pattern>
        <verb_object>
          <inversion>0</inversion>
          <verb_list>
            <verb>唱</verb>
            <verb>哼</verb>
          </verb_list>
          <object_list>
            <object>歌</object>
            <object>曲</object>
            <object>.*首.*</object>
            <object>.*支.*</object>
            <object>.*个.*</object>
          </object_list>
        </verb_object>
      </sentence_pattern>
      <!--固定短语，在句子中出现就代表完整的语义-->
      <fixed_words>
        <word>会唱.*</word>
        <word>会哼歌.*</word>
        <word>唱一个</word>
        <word>来一首</word>
        <word>放一首</word>
        <word>播一首</word>
        <word>点一首</word>
        <word>想听.*歌</word>
      </fixed_words>
    </cmd_grammar>
  </command>
  <command>
    <cmd_No>5004</cmd_No>
    <cmd_name>运动控制</cmd_name>
    <cmd_param>
      <use_default>0</use_default>
      <param_type>运动方式</param_type>
      <param>
        <pattern>抬.*头</pattern>
        <value>抬头</value>
      </param>
      <param>
        <pattern>头.*抬</pattern>
        <value>抬头</value>
      </param>
      <param>
        <pattern>低.*头</pattern>
        <value>低头</value>
      </param>
      <param>
        <pattern>头.*低</pattern>
        <value>低头</value>
      </param>
      <default_param>静止</default_param>
    </cmd_param>
    <cmd_grammar>
      <fixed_words>
        <word>抬.*头</word>
        <word>低.*头</word>
        <word>把.*头.*抬</word>
        <word>把.*头.*低</word>
      </fixed_words>
    </cmd_grammar>
  </command>
  <!--场景对话记忆时长-->
  <scene_memory_time>20</scene_memory_time>
</grammer_conf>