<srsdk>
	<!--获取token的账号-->
	<econlpusername>test@user.com</econlpusername>
	<!--获取token的密码-->
	<econlppassword>root</econlppassword>
	<!--获取token的地址-->
	<econlploginurl>http://221.224.161.37:8125/login</econlploginurl>
	<!--获取问题答案的地址-->
	<econlpanswerurl>http://221.224.161.37:8125/api/v1.0/publicdemo</econlpanswerurl>
	<!--提交问题时附带的参数，作为问题来源-->
	<econlpclientname>client</econlpclientname>
  <!--以上为20180727增加的商用nlp-->
  <!--图灵APIKEY，请勿随意改动-->
  <tulingkey>793a5aa8379a4730ba013da091cd3ef3</tulingkey>
  <!--爱客服APIKEY，请勿随意改动-->
  <aikefukey>http://www.aikf.com/api/part/qa/18424824eee51e75.htm</aikefukey>
  <!--谛听机器人APIKEY，请勿随意改动-->
  <ditingkey>13405061425</ditingkey>
  <!--竹间APIURL，请勿随意改动-->
  <emotionboturl>http://idc.emotibot.com/api/ApiKey/openapi.php</emotionboturl>
  <!--竹间APIKEY，请勿随意改动-->
  <emotibotkey>c385e97b0cdce3bdbbee59083ec3b0d0</emotibotkey>
  <!--选择使用哪家知识库：“1”为图灵；“2”为爱客服; "3"为谛听；“4”为竹间-->
  <knowledge>5</knowledge>
  <!-- 是否启用场景聊天功能-->
  <enable_scenechat>0</enable_scenechat>
  <!--是否启用行业知识库-->
  <enable_econlp>0</enable_econlp>
  <!--科沃斯对话答案准确度门限-->
  <econlp_threshold>70</econlp_threshold>
  <!--机器学习训练门限-->
  <ecoml_threshold>4.5</ecoml_threshold>
  <!--机器学习服务地址-->
  <ecoml_url>http://10.0.2.47:8080/question/</ecoml_url>
  <!--0:表示可打断；1：表示不可打断-->
  <interrupt>0</interrupt>
  <!--配置机器人说话长度，在这长度之内不被打断，在interrupt为“0”时有效-->
  <interruptwordcount>25</interruptwordcount>
  <!--设置与机器人说话多少句之后，推送问卷或推广-->
  <questionnairecount>10</questionnairecount>
  <!--设置机器人沉默多少时间，主动说话；单位：秒-->
  <sayhellotime>10</sayhellotime>
  <!--暂时不用动-->
  <ampthreshold>0.015</ampthreshold>
  <!--暂时不用动-->
  <snrthreshold>4.0</snrthreshold>
  <!--音频信息记录接口【暂时不要动】-->
  <ecovacsaddapi>http://192.168.22.35:8089/SRAPI/Add</ecovacsaddapi>
  <!--机器人主动说话的句子-->
  <sayhello>
    <content>您好，我是xx，很高兴为您服务！快来跟我聊天吧。</content>
    <content>嗨, 你还在吗? 快来跟我聊天吧！</content>
    <content>嗯, xx在听你讲话呢，一起来互动吧！</content>
    <content>哈哈，我是xx，热爱与人类朋友聊天哦。</content>
    <content>你好，快来跟我说话吧。上知天文下知地理，就是我xx。</content>
  </sayhello>
  <!--错误识别，字数个数-->
  <sayclearcount>2</sayclearcount>
  <!--音频的文件大小，单位：byte-->
  <sayclearlength>190000</sayclearlength>
  <!--在识别时，有混乱的词，字时。主动说的话-->
  <sayclear>
    <content>你说的，我没有听清楚，能在说一遍吗？</content>
    <content>你好，这边有点吵，我没有听清。能再说一遍吗？</content>
    <content>对不起,刚才看你，看走神了，您能再说一遍吗？</content>
    <content>刚才太吵啦，没听清楚</content>
  </sayclear>
  <repleace>
    <ritem>
      <from>暗管</from>
      <to>案管</to>
    </ritem>
  </repleace>
  <!--敏感词过滤-->
  <!--对应机器人名称更改-->
  <banks>
    <newrobotname>
      <bankname>邮宝</bankname>
      <robotsn>18011</robotsn>
      <robotname>楚楚</robotname>
      <robothello>嗨，我是楚楚，欢迎光临邮储银行！</robothello>
      <robotcity>苏州</robotcity>
    </newrobotname>
    <newrobotname>
      <bankname>邮宝</bankname>
      <robotsn>18012</robotsn>
      <robotname>邮宝</robotname>
      <robothello>你好，我是邮宝，有什么可以帮助你的吗？</robothello>
      <robotcity>苏州</robotcity>
    </newrobotname>
    <newrobotname>
      <bankname>中国建设银行</bankname>
      <robotsn>18013</robotsn>
      <robotname>小龙人</robotname>
      <robothello>您好，请问有什么能够帮助到您</robothello>
      <robotcity>苏州</robotcity>
    </newrobotname>
  </banks>
  <shield>
    <content>北京</content>
  </shield>
  <version>20161111-01</version>
</srsdk>